Outdoor Drybulb Temperature (C),6h Outdoor Drybulb Temperature (C),12h Outdoor Drybulb Temperature (C),24h Outdoor Drybulb Temperature (C),Outdoor Relative Humidity (%),6h Outdoor Relative Humidity (%),12h Outdoor Relative Humidity (%),24h Outdoor Relative Humidity (%),Diffuse Solar Radiation (W/m2),6h Diffuse Solar Radiation (W/m2),12h Diffuse Solar Radiation (W/m2),24h Diffuse Solar Radiation (W/m2),Direct Solar Radiation (W/m2),6h Direct Solar Radiation (W/m2),12h Direct Solar Radiation (W/m2),24h Direct Solar Radiation (W/m2)
14.4,20.5,26.3,17.4,74,48,36,72,0.0,58.49645599527466,237.11051488638506,0.0,0.0,69.70354400472533,99.48948511361492,0.0
14.1,21.8,27.0,15.4,73,44,33,82,0.0,133.233850931677,219.96311763877816,0.0,0.0,55.866149068322976,88.63688236122192,0.0
14.5,23.2,26.5,15.0,72,41,32,84,0.0,173.06413301662707,158.4150245269797,0.0,0.0,70.93586698337292,71.98497547302033,0.0
14.5,24.2,26.4,13.9,77,39,34,88,0.0,190.54878355619584,135.48347866478053,0.0,0.0,97.15121644380413,61.01652133521947,0.0
14.9,25.6,27.0,16.2,77,36,34,80,0.0,222.4266719351971,111.81635422584105,0.0,0.0,95.17332806480293,48.28364577415893,0.0
17.7,25.9,26.3,19.4,64,36,37,67,0.0,234.13588197776832,46.99812176462504,0.0,0.0,98.56411802223167,50.80187823537495,0.0
20.5,26.3,25.4,21.7,48,36,39,63,58.49645599527466,237.11051488638506,22.28955916473318,22.79448409200762,69.70354400472533,99.48948511361492,15.31044083526682,102.80551590799237
21.8,27.0,22.5,23.6,44,33,48,57,133.233850931677,219.96311763877816,0.0,32.710240579807405,55.866149068322976,88.63688236122192,0.0,152.58975942019262
23.2,26.5,20.1,24.9,41,32,59,52,173.06413301662707,158.4150245269797,0.0,38.60731851435003,70.93586698337292,71.98497547302033,0.0,166.09268148565
24.2,26.4,18.7,25.3,39,34,66,42,190.54878355619584,135.48347866478053,0.0,55.90066156034291,97.15121644380413,61.01652133521947,0.0,153.9993384396571
25.6,27.0,17.9,22.5,36,34,73,70,222.4266719351971,111.81635422584105,0.0,20.563116529916105,95.17332806480293,48.28364577415893,0.0,64.9368834700839
25.9,26.3,17.5,17.3,36,37,73,84,234.13588197776832,46.99812176462504,0.0,17.00906533253416,98.56411802223167,50.80187823537495,0.0,27.89093466746584
26.3,25.4,17.4,19.9,36,39,72,78,237.11051488638506,22.28955916473318,0.0,47.213589021269996,99.48948511361492,15.31044083526682,0.0,39.88641097873
27.0,22.5,15.4,20.8,33,48,82,76,219.96311763877816,0.0,0.0,14.014574735642721,88.63688236122192,0.0,0.0,29.285425264357272
26.5,20.1,15.0,26.5,32,59,84,42,158.4150245269797,0.0,0.0,91.61543985414676,71.98497547302033,0.0,0.0,185.28456014585322
26.4,18.7,13.9,27.4,34,66,88,34,135.48347866478053,0.0,0.0,118.09612403100773,61.01652133521947,0.0,0.0,101.10387596899224
27.0,17.9,16.2,27.4,34,73,80,30,111.81635422584105,0.0,0.0,76.86069485326912,48.28364577415893,0.0,0.0,81.63930514673089
26.3,17.5,19.4,26.2,37,73,67,37,46.99812176462504,0.0,0.0,47.22157137216898,50.80187823537495,0.0,0.0,42.87842862783102
25.4,17.4,21.7,24.3,39,72,63,42,22.28955916473318,0.0,22.79448409200762,12.952877520905067,15.31044083526682,0.0,102.80551590799237,17.147122479094932
22.5,15.4,23.6,22.8,48,82,57,45,0.0,0.0,32.710240579807405,0.0,0.0,0.0,152.58975942019262,0.0
20.1,15.0,24.9,21.1,59,84,52,52,0.0,0.0,38.60731851435003,0.0,0.0,0.0,166.09268148565,0.0
18.7,13.9,25.3,19.4,66,88,42,60,0.0,0.0,55.90066156034291,0.0,0.0,0.0,153.9993384396571,0.0
17.9,16.2,22.5,18.0,73,80,70,68,0.0,0.0,20.563116529916105,0.0,0.0,0.0,64.9368834700839,0.0
17.5,19.4,17.3,16.4,73,67,84,75,0.0,0.0,17.00906533253416,0.0,0.0,0.0,27.89093466746584,0.0
17.4,21.7,19.9,15.4,72,63,78,71,0.0,22.79448409200762,47.213589021269996,0.0,0.0,102.80551590799237,39.88641097873,0.0
15.4,23.6,20.8,14.5,82,57,76,71,0.0,32.710240579807405,14.014574735642721,0.0,0.0,152.58975942019262,29.285425264357272,0.0
15.0,24.9,26.5,12.8,84,52,42,76,0.0,38.60731851435003,91.61543985414676,0.0,0.0,166.09268148565,185.28456014585322,0.0
13.9,25.3,27.4,11.7,88,42,34,82,0.0,55.90066156034291,118.09612403100773,0.0,0.0,153.9993384396571,101.10387596899224,0.0
16.2,22.5,27.4,12.8,80,70,30,79,0.0,20.563116529916105,76.86069485326912,0.0,0.0,64.9368834700839,81.63930514673089,0.0
19.4,17.3,26.2,14.9,67,84,37,66,0.0,17.00906533253416,47.22157137216898,0.0,0.0,27.89093466746584,42.87842862783102,0.0
21.7,19.9,24.3,15.7,63,78,42,62,22.79448409200762,47.213589021269996,12.952877520905067,55.049954586739325,102.80551590799237,39.88641097873,17.147122479094932,68.45004541326067
23.6,20.8,22.8,16.9,57,76,45,60,32.710240579807405,14.014574735642721,0.0,74.68820811713697,152.58975942019262,29.285425264357272,0.0,105.61179188286305
24.9,26.5,21.1,17.4,52,42,52,59,38.60731851435003,91.61543985414676,0.0,91.01397525911067,166.09268148565,185.28456014585322,0.0,75.08602474088933
25.3,27.4,19.4,18.3,42,34,60,56,55.90066156034291,118.09612403100773,0.0,117.12334394330672,153.9993384396571,101.10387596899224,0.0,70.97665605669329
22.5,27.4,18.0,19.8,70,30,68,51,20.563116529916105,76.86069485326912,0.0,171.7197853789403,64.9368834700839,81.63930514673089,0.0,97.28021462105967
17.3,26.2,16.4,20.8,84,37,75,46,17.00906533253416,47.22157137216898,0.0,187.0648225610579,27.89093466746584,42.87842862783102,0.0,101.63517743894211
19.9,24.3,15.4,20.9,78,42,71,45,47.213589021269996,12.952877520905067,0.0,239.00610359309383,39.88641097873,17.147122479094932,0.0,125.59389640690623
20.8,22.8,14.5,21.3,76,45,71,44,14.014574735642721,0.0,0.0,133.3294103911267,29.285425264357272,0.0,0.0,85.27058960887331
26.5,21.1,12.8,22.1,42,52,76,37,91.61543985414676,0.0,0.0,168.55471698113206,185.28456014585322,0.0,0.0,108.64528301886793
27.4,19.4,11.7,22.4,34,60,82,34,118.09612403100773,0.0,0.0,133.13295760430688,101.10387596899224,0.0,0.0,88.96704239569314
27.4,18.0,12.8,22.1,30,68,79,34,76.86069485326912,0.0,0.0,91.5706662505851,81.63930514673089,0.0,0.0,69.12933374941488
26.2,16.4,14.9,21.4,37,75,66,34,47.22157137216898,0.0,0.0,45.86819730941704,42.87842862783102,0.0,0.0,47.73180269058295
24.3,15.4,15.7,19.6,42,71,62,35,12.952877520905067,0.0,55.049954586739325,10.8960362400906,17.147122479094932,0.0,68.45004541326067,25.0039637599094
22.8,14.5,16.9,16.7,45,71,60,41,0.0,0.0,74.68820811713697,0.0,0.0,0.0,105.61179188286305,0.0
21.1,12.8,17.4,13.9,52,76,59,57,0.0,0.0,91.01397525911067,0.0,0.0,0.0,75.08602474088933,0.0
19.4,11.7,18.3,12.4,60,82,56,64,0.0,0.0,117.12334394330672,0.0,0.0,0.0,70.97665605669329,0.0
18.0,12.8,19.8,11.3,68,79,51,67,0.0,0.0,171.7197853789403,0.0,0.0,0.0,97.28021462105967,0.0
16.4,14.9,20.8,12.8,75,66,46,59,0.0,0.0,187.0648225610579,0.0,0.0,0.0,101.63517743894211,0.0
15.4,15.7,20.9,12.1,71,62,45,59,0.0,55.049954586739325,239.00610359309383,0.0,0.0,68.45004541326067,125.59389640690623,0.0
14.5,16.9,21.3,11.8,71,60,44,62,0.0,74.68820811713697,133.3294103911267,0.0,0.0,105.61179188286305,85.27058960887331,0.0
12.8,17.4,22.1,10.9,76,59,37,69,0.0,91.01397525911067,168.55471698113206,0.0,0.0,75.08602474088933,108.64528301886793,0.0
11.7,18.3,22.4,11.5,82,56,34,67,0.0,117.12334394330672,133.13295760430688,0.0,0.0,70.97665605669329,88.96704239569314,0.0
12.8,19.8,22.1,12.3,79,51,34,66,0.0,171.7197853789403,91.5706662505851,0.0,0.0,97.28021462105967,69.12933374941488,0.0
14.9,20.8,21.4,14.4,66,46,34,60,0.0,187.0648225610579,45.86819730941704,0.0,0.0,101.63517743894211,47.73180269058295,0.0
15.7,20.9,19.6,15.4,62,45,35,53,55.049954586739325,239.00610359309383,10.8960362400906,32.88742616878566,68.45004541326067,125.59389640690623,25.0039637599094,31.212573831214332
16.9,21.3,16.7,18.2,60,44,41,47,74.68820811713697,133.3294103911267,0.0,92.195178719867,105.61179188286305,85.27058960887331,0.0,50.804821280133
17.4,22.1,13.9,19.8,59,37,57,37,91.01397525911067,168.55471698113206,0.0,156.21494349642197,75.08602474088933,108.64528301886793,0.0,63.685056503578025
18.3,22.4,12.4,21.2,56,34,64,35,117.12334394330672,133.13295760430688,0.0,174.3356704885344,70.97665605669329,88.96704239569314,0.0,81.7643295114656
19.8,22.1,11.3,19.8,51,34,67,43,171.7197853789403,91.5706662505851,0.0,72.58484439020138,97.28021462105967,69.12933374941488,0.0,28.81515560979862
20.8,21.4,12.8,19.8,46,34,59,47,187.0648225610579,45.86819730941704,0.0,50.41437150548768,101.63517743894211,47.73180269058295,0.0,28.88562849451232
20.9,19.6,12.1,21.1,45,35,59,41,239.00610359309383,10.8960362400906,0.0,64.75531603827223,125.59389640690623,25.0039637599094,0.0,57.74468396172777
21.3,16.7,11.8,21.8,44,41,62,37,133.3294103911267,0.0,0.0,49.57359544409156,85.27058960887331,0.0,0.0,55.02640455590845
22.1,13.9,10.9,21.9,37,57,69,39,168.55471698113206,0.0,0.0,70.31086706226199,108.64528301886793,0.0,0.0,41.18913293773802
22.4,12.4,11.5,21.7,34,64,67,41,133.13295760430688,0.0,0.0,57.154672004367214,88.96704239569314,0.0,0.0,28.845327995632793
22.1,11.3,12.3,21.8,34,67,66,42,91.5706662505851,0.0,0.0,33.29473831906834,69.12933374941488,0.0,0.0,21.305261680931668
21.4,12.8,14.4,20.2,34,59,60,51,45.86819730941704,0.0,0.0,23.27241125859311,47.73180269058295,0.0,0.0,20.927588741406893
19.6,12.1,15.4,19.6,35,59,53,53,10.8960362400906,0.0,32.88742616878566,8.289079487798984,25.0039637599094,0.0,31.212573831214332,9.410920512201015
16.7,11.8,18.2,18.9,41,62,47,57,0.0,0.0,92.195178719867,0.0,0.0,0.0,50.804821280133,0.0
13.9,10.9,19.8,17.9,57,69,37,62,0.0,0.0,156.21494349642197,0.0,0.0,0.0,63.685056503578025,0.0
12.4,11.5,21.2,17.5,64,67,35,66,0.0,0.0,174.3356704885344,0.0,0.0,0.0,81.7643295114656,0.0
11.3,12.3,19.8,16.9,67,66,43,67,0.0,0.0,72.58484439020138,0.0,0.0,0.0,28.81515560979862,0.0
12.8,14.4,19.8,15.8,59,60,47,73,0.0,0.0,50.41437150548768,0.0,0.0,0.0,28.88562849451232,0.0
12.1,15.4,21.1,15.5,59,53,41,74,0.0,32.88742616878566,64.75531603827223,0.0,0.0,31.212573831214332,57.74468396172777,0.0
11.8,18.2,21.8,16.3,62,47,37,68,0.0,92.195178719867,49.57359544409156,0.0,0.0,50.804821280133,55.02640455590845,0.0
10.9,19.8,21.9,16.3,69,37,39,67,0.0,156.21494349642197,70.31086706226199,0.0,0.0,63.685056503578025,41.18913293773802,0.0
11.5,21.2,21.7,15.4,67,35,41,75,0.0,174.3356704885344,57.154672004367214,0.0,0.0,81.7643295114656,28.845327995632793,0.0
12.3,19.8,21.8,15.9,66,43,42,75,0.0,72.58484439020138,33.29473831906834,0.0,0.0,28.81515560979862,21.305261680931668,0.0
14.4,19.8,20.2,18.4,60,47,51,62,0.0,50.41437150548768,23.27241125859311,0.0,0.0,28.88562849451232,20.927588741406893,0.0
15.4,21.1,19.6,19.3,53,41,53,57,32.88742616878566,64.75531603827223,8.289079487798984,17.69450220951391,31.212573831214332,57.74468396172777,9.410920512201015,63.7054977904861
18.2,21.8,18.9,20.6,47,37,57,52,92.195178719867,49.57359544409156,0.0,37.75382526521597,50.804821280133,55.02640455590845,0.0,117.94617473478401
19.8,21.9,17.9,20.9,37,39,62,53,156.21494349642197,70.31086706226199,0.0,17.24645005076935,63.685056503578025,41.18913293773802,0.0,68.55354994923064
21.2,21.7,17.5,21.4,35,41,66,52,174.3356704885344,57.154672004367214,0.0,28.94929496275275,81.7643295114656,28.845327995632793,0.0,59.550705037247255
19.8,21.8,16.9,22.8,43,42,67,45,72.58484439020138,33.29473831906834,0.0,77.57510032916987,28.81515560979862,21.305261680931668,0.0,75.42489967083014
19.8,20.2,15.8,24.2,47,51,73,43,50.41437150548768,23.27241125859311,0.0,84.01203137076034,28.88562849451232,20.927588741406893,0.0,192.0879686292397
21.1,19.6,15.5,25.2,41,53,74,41,64.75531603827223,8.289079487798984,0.0,117.99631729229056,57.74468396172777,9.410920512201015,0.0,169.60368270770945
21.8,18.9,16.3,25.0,37,57,68,37,49.57359544409156,0.0,0.0,90.1766410490343,55.02640455590845,0.0,0.0,89.6233589509657
21.9,17.9,16.3,24.7,39,62,67,37,70.31086706226199,0.0,0.0,71.97877994684995,41.18913293773802,0.0,0.0,58.52122005315004
21.7,17.5,15.4,24.6,41,66,75,37,57.154672004367214,0.0,0.0,64.18682789197905,28.845327995632793,0.0,0.0,30.513172108020964
21.8,16.9,15.9,24.3,42,67,75,37,33.29473831906834,0.0,0.0,43.85242718446602,21.305261680931668,0.0,0.0,19.147572815533984
20.2,15.8,18.4,23.7,51,73,62,40,23.27241125859311,0.0,0.0,13.972115583075336,20.927588741406893,0.0,0.0,13.327884416924665
19.6,15.5,19.3,22.9,53,74,57,42,8.289079487798984,0.0,17.69450220951391,4.617313222606961,9.410920512201015,0.0,63.7054977904861,7.982686777393041
18.9,16.3,20.6,21.7,57,68,52,50,0.0,0.0,37.75382526521597,0.0,0.0,0.0,117.94617473478401,0.0
17.9,16.3,20.9,20.9,62,67,53,55,0.0,0.0,17.24645005076935,0.0,0.0,0.0,68.55354994923064,0.0
17.5,15.4,21.4,19.8,66,75,52,61,0.0,0.0,28.94929496275275,0.0,0.0,0.0,59.550705037247255,0.0
16.9,15.9,22.8,16.7,67,75,45,89,0.0,0.0,77.57510032916987,0.0,0.0,0.0,75.42489967083014,0.0
15.8,18.4,24.2,17.0,73,62,43,88,0.0,0.0,84.01203137076034,0.0,0.0,0.0,192.0879686292397,0.0
15.5,19.3,25.2,16.5,74,57,41,94,0.0,17.69450220951391,117.99631729229056,0.0,0.0,63.7054977904861,169.60368270770945,0.0
16.3,20.6,25.0,16.8,68,52,37,94,0.0,37.75382526521597,90.1766410490343,0.0,0.0,117.94617473478401,89.6233589509657,0.0
16.3,20.9,24.7,16.8,67,53,37,96,0.0,17.24645005076935,71.97877994684995,0.0,0.0,68.55354994923064,58.52122005315004,0.0
15.4,21.4,24.6,16.6,75,52,37,96,0.0,28.94929496275275,64.18682789197905,0.0,0.0,59.550705037247255,30.513172108020964,0.0
15.9,22.8,24.3,16.7,75,45,37,96,0.0,77.57510032916987,43.85242718446602,0.0,0.0,75.42489967083014,19.147572815533984,0.0
18.4,24.2,23.7,16.5,62,43,40,97,0.0,84.01203137076034,13.972115583075336,0.0,0.0,192.0879686292397,13.327884416924665,0.0
19.3,25.2,22.9,17.2,57,41,42,98,17.69450220951391,117.99631729229056,4.617313222606961,5.078774646468039,63.7054977904861,169.60368270770945,7.982686777393041,21.121225353531962
20.6,25.0,21.7,17.9,52,37,50,96,37.75382526521597,90.1766410490343,0.0,10.25562303565943,117.94617473478401,89.6233589509657,0.0,32.94437696434058
20.9,24.7,20.9,18.2,53,37,55,96,17.24645005076935,71.97877994684995,0.0,19.39619780100742,68.55354994923064,58.52122005315004,0.0,18.603802198992582
21.4,24.6,19.8,18.9,52,37,61,92,28.94929496275275,64.18682789197905,0.0,59.044081388114385,59.550705037247255,30.513172108020964,0.0,36.955918611885615
22.8,24.3,16.7,20.9,45,37,89,81,77.57510032916987,43.85242718446602,0.0,77.05182409346412,75.42489967083014,19.147572815533984,0.0,145.54817590653587
24.2,23.7,17.0,17.9,43,40,88,93,84.01203137076034,13.972115583075336,0.0,29.850316502479608,192.0879686292397,13.327884416924665,0.0,72.6496834975204
25.2,22.9,16.5,19.4,41,42,94,88,117.99631729229056,4.617313222606961,0.0,20.85554521729264,169.60368270770945,7.982686777393041,0.0,76.04445478270738
25.0,21.7,16.8,19.4,37,50,94,82,90.1766410490343,0.0,0.0,25.526668806573788,89.6233589509657,0.0,0.0,61.573331193426206
24.7,20.9,16.8,19.3,37,55,96,87,71.97877994684995,0.0,0.0,15.515842276618834,58.52122005315004,0.0,0.0,41.78415772338116
24.6,19.8,16.6,19.2,37,61,96,86,64.18682789197905,0.0,0.0,13.079009542276879,30.513172108020964,0.0,0.0,35.82099045772312
24.3,16.7,16.7,20.3,37,89,96,80,43.85242718446602,0.0,0.0,27.10608796696136,19.147572815533984,0.0,0.0,66.39391203303865
23.7,17.0,16.5,19.8,40,88,97,83,13.972115583075336,0.0,0.0,8.197513594199808,13.327884416924665,0.0,0.0,20.20248640580019
22.9,16.5,17.2,19.2,42,94,98,83,4.617313222606961,0.0,5.078774646468039,2.030148610993836,7.982686777393041,0.0,21.121225353531962,4.869851389006164
21.7,16.8,17.9,17.7,50,94,96,91,0.0,0.0,10.25562303565943,0.0,0.0,0.0,32.94437696434058,0.0
20.9,16.8,18.2,17.3,55,96,96,96,0.0,0.0,19.39619780100742,0.0,0.0,0.0,18.603802198992582,0.0
19.8,16.6,18.9,16.9,61,96,92,96,0.0,0.0,59.044081388114385,0.0,0.0,0.0,36.955918611885615,0.0
16.7,16.7,20.9,16.8,89,96,81,97,0.0,0.0,77.05182409346412,0.0,0.0,0.0,145.54817590653587,0.0
17.0,16.5,17.9,16.3,88,97,93,98,0.0,0.0,29.850316502479608,0.0,0.0,0.0,72.6496834975204,0.0
16.5,17.2,19.4,16.4,94,98,88,99,0.0,5.078774646468039,20.85554521729264,0.0,0.0,21.121225353531962,76.04445478270738,0.0
16.8,17.9,19.4,15.8,94,96,82,99,0.0,10.25562303565943,25.526668806573788,0.0,0.0,32.94437696434058,61.573331193426206,0.0
16.8,18.2,19.3,15.8,96,96,87,98,0.0,19.39619780100742,15.515842276618834,0.0,0.0,18.603802198992582,41.78415772338116,0.0
16.6,18.9,19.2,15.4,96,92,86,98,0.0,59.044081388114385,13.079009542276879,0.0,0.0,36.955918611885615,35.82099045772312,0.0
16.7,20.9,20.3,15.3,96,81,80,97,0.0,77.05182409346412,27.10608796696136,0.0,0.0,145.54817590653587,66.39391203303865,0.0
16.5,17.9,19.8,16.3,97,93,83,90,0.0,29.850316502479608,8.197513594199808,0.0,0.0,72.6496834975204,20.20248640580019,0.0
17.2,19.4,19.2,16.9,98,88,83,88,5.078774646468039,20.85554521729264,2.030148610993836,25.425739585429664,21.121225353531962,76.04445478270738,4.869851389006164,23.974260414570335
17.9,19.4,17.7,17.6,96,82,91,83,10.25562303565943,25.526668806573788,0.0,54.06453820955361,32.94437696434058,61.573331193426206,0.0,33.835461790446395
18.2,19.3,17.3,18.6,96,87,96,81,19.39619780100742,15.515842276618834,0.0,56.95908469705996,18.603802198992582,41.78415772338116,0.0,55.240915302940046
18.9,19.2,16.9,19.3,92,86,96,77,59.044081388114385,13.079009542276879,0.0,70.81291850220265,36.955918611885615,35.82099045772312,0.0,30.887081497797364
20.9,20.3,16.8,20.0,81,80,97,74,77.05182409346412,27.10608796696136,0.0,77.52904138340101,145.54817590653587,66.39391203303865,0.0,29.070958616598986
17.9,19.8,16.3,21.3,93,83,98,69,29.850316502479608,8.197513594199808,0.0,111.17478648547028,72.6496834975204,20.20248640580019,0.0,53.02521351452973
19.4,19.2,16.4,22.0,88,83,99,66,20.85554521729264,2.030148610993836,0.0,90.97465293327363,76.04445478270738,4.869851389006164,0.0,37.925347066726374
19.4,17.7,15.8,22.4,82,91,99,63,25.526668806573788,0.0,0.0,150.10056013510123,61.573331193426206,0.0,0.0,65.69943986489875
19.3,17.3,15.8,22.5,87,96,98,64,15.515842276618834,0.0,0.0,108.10605218872286,41.78415772338116,0.0,0.0,52.19394781127714
19.2,16.9,15.4,22.5,86,96,98,65,13.079009542276879,0.0,0.0,63.075214457735406,35.82099045772312,0.0,0.0,40.92478554226459
20.3,16.8,15.3,21.0,80,97,97,72,27.10608796696136,0.0,0.0,13.422509126157527,66.39391203303865,0.0,0.0,11.877490873842472
19.8,16.3,16.3,18.1,83,98,90,94,8.197513594199808,0.0,0.0,6.636011840522958,20.20248640580019,0.0,0.0,5.863988159477044
19.2,16.4,16.9,18.6,83,99,88,95,2.030148610993836,0.0,25.425739585429664,2.71842528416967,4.869851389006164,0.0,23.974260414570335,4.58157471583033
17.7,15.8,17.6,17.9,91,99,83,96,0.0,0.0,54.06453820955361,0.0,0.0,0.0,33.835461790446395,0.0
17.3,15.8,18.6,17.5,96,98,81,96,0.0,0.0,56.95908469705996,0.0,0.0,0.0,55.240915302940046,0.0
16.9,15.4,19.3,17.1,96,98,77,98,0.0,0.0,70.81291850220265,0.0,0.0,0.0,30.887081497797364,0.0
16.8,15.3,20.0,16.7,97,97,74,99,0.0,0.0,77.52904138340101,0.0,0.0,0.0,29.070958616598986,0.0
16.3,16.3,21.3,16.3,98,90,69,99,0.0,0.0,111.17478648547028,0.0,0.0,0.0,53.02521351452973,0.0
16.4,16.9,22.0,16.1,99,88,66,99,0.0,25.425739585429664,90.97465293327363,0.0,0.0,23.974260414570335,37.925347066726374,0.0
15.8,17.6,22.4,16.3,99,83,63,98,0.0,54.06453820955361,150.10056013510123,0.0,0.0,33.835461790446395,65.69943986489875,0.0
15.8,18.6,22.5,16.5,98,81,64,98,0.0,56.95908469705996,108.10605218872286,0.0,0.0,55.240915302940046,52.19394781127714,0.0
15.4,19.3,22.5,16.5,98,77,65,99,0.0,70.81291850220265,63.075214457735406,0.0,0.0,30.887081497797364,40.92478554226459,0.0
15.3,20.0,21.0,16.8,97,74,72,99,0.0,77.52904138340101,13.422509126157527,0.0,0.0,29.070958616598986,11.877490873842472,0.0
16.3,21.3,18.1,17.3,90,69,94,96,0.0,111.17478648547028,6.636011840522958,0.0,0.0,53.02521351452973,5.863988159477044,0.0
16.9,22.0,18.6,17.8,88,66,95,94,25.425739585429664,90.97465293327363,2.71842528416967,7.749708963911525,23.974260414570335,37.925347066726374,4.58157471583033,30.05029103608847
17.6,22.4,17.9,18.3,83,63,96,94,54.06453820955361,150.10056013510123,0.0,26.012821917808214,33.835461790446395,65.69943986489875,0.0,23.38717808219178
18.6,22.5,17.5,18.9,81,64,96,91,56.95908469705996,108.10605218872286,0.0,43.43537657769501,55.240915302940046,52.19394781127714,0.0,21.864623422304987
19.3,22.5,17.1,20.8,77,65,98,83,70.81291850220265,63.075214457735406,0.0,109.24834736622364,30.887081497797364,40.92478554226459,0.0,42.75165263377636
20.0,21.0,16.7,20.3,74,72,99,82,77.52904138340101,13.422509126157527,0.0,112.66684944202031,29.070958616598986,11.877490873842472,0.0,42.933150557979694
21.3,18.1,16.3,21.1,69,94,99,79,111.17478648547028,6.636011840522958,0.0,80.0453399797492,53.02521351452973,5.863988159477044,0.0,41.254660020250796
22.0,18.6,16.1,22.4,66,95,99,70,90.97465293327363,2.71842528416967,0.0,119.09384072675056,37.925347066726374,4.58157471583033,0.0,48.70615927324947
22.4,17.9,16.3,23.9,63,96,98,61,150.10056013510123,0.0,0.0,170.3771397207643,65.69943986489875,0.0,0.0,70.02286027923572
22.5,17.5,16.5,22.6,64,96,98,71,108.10605218872286,0.0,0.0,73.59685770614279,52.19394781127714,0.0,0.0,39.103142293857225
22.5,17.1,16.5,22.0,65,98,99,75,63.075214457735406,0.0,0.0,53.66585953932181,40.92478554226459,0.0,0.0,44.63414046067819
21.0,16.7,16.8,22.9,72,99,99,72,13.422509126157527,0.0,0.0,30.54980529139438,11.877490873842472,0.0,0.0,78.35019470860563
18.1,16.3,17.3,22.2,94,99,96,77,6.636011840522958,0.0,0.0,14.680841084504255,5.863988159477044,0.0,0.0,46.21915891549575
18.6,16.1,17.8,21.2,95,99,94,81,2.71842528416967,0.0,7.749708963911525,3.8272303939685117,4.58157471583033,0.0,30.05029103608847,11.87276960603149
17.9,16.3,18.3,20.1,96,98,94,85,0.0,0.0,26.012821917808214,0.0,0.0,0.0,23.38717808219178,0.0
17.5,16.5,18.9,19.5,96,98,91,90,0.0,0.0,43.43537657769501,0.0,0.0,0.0,21.864623422304987,0.0
17.1,16.5,20.8,18.7,98,99,83,94,0.0,0.0,109.24834736622364,0.0,0.0,0.0,42.75165263377636,0.0
16.7,16.8,20.3,18.6,99,99,82,96,0.0,0.0,112.66684944202031,0.0,0.0,0.0,42.933150557979694,0.0
16.3,17.3,21.1,18.3,99,96,79,97,0.0,0.0,80.0453399797492,0.0,0.0,0.0,41.254660020250796,0.0
16.1,17.8,22.4,17.8,99,94,70,98,0.0,7.749708963911525,119.09384072675056,0.0,0.0,30.05029103608847,48.70615927324947,0.0
16.3,18.3,23.9,17.5,98,94,61,97,0.0,26.012821917808214,170.3771397207643,0.0,0.0,23.38717808219178,70.02286027923572,0.0
16.5,18.9,22.6,17.0,98,91,71,98,0.0,43.43537657769501,73.59685770614279,0.0,0.0,21.864623422304987,39.103142293857225,0.0
16.5,20.8,22.0,16.7,99,83,75,98,0.0,109.24834736622364,53.66585953932181,0.0,0.0,42.75165263377636,44.63414046067819,0.0
16.8,20.3,22.9,17.1,99,82,72,98,0.0,112.66684944202031,30.54980529139438,0.0,0.0,42.933150557979694,78.35019470860563,0.0
17.3,21.1,22.2,17.6,96,79,77,98,0.0,80.0453399797492,14.680841084504255,0.0,0.0,41.254660020250796,46.21915891549575,0.0
17.8,22.4,21.2,17.8,94,70,81,97,7.749708963911525,119.09384072675056,3.8272303939685117,3.1465521472392637,30.05029103608847,48.70615927324947,11.87276960603149,9.053447852760735
18.3,23.9,20.1,16.3,94,61,85,100,26.012821917808214,170.3771397207643,0.0,1.4238380051808015,23.38717808219178,70.02286027923572,0.0,4.476161994819199
18.9,22.6,19.5,16.7,91,71,90,99,43.43537657769501,73.59685770614279,0.0,6.10258855585831,21.864623422304987,39.103142293857225,0.0,17.597411444141688
20.8,22.0,18.7,17.5,83,75,94,98,109.24834736622364,53.66585953932181,0.0,11.729158264677077,42.75165263377636,44.63414046067819,0.0,35.670841735322924
20.3,22.9,18.6,17.8,82,72,96,94,112.66684944202031,30.54980529139438,0.0,43.702436965003194,42.933150557979694,78.35019470860563,0.0,34.39756303499679
21.1,22.2,18.3,18.0,79,77,97,93,80.0453399797492,14.680841084504255,0.0,23.031531320214317,41.254660020250796,46.21915891549575,0.0,58.868468679785686
22.4,21.2,17.8,18.7,70,81,98,90,119.09384072675056,3.8272303939685117,0.0,34.33027220984905,48.70615927324947,11.87276960603149,0.0,73.86972779015095
23.9,20.1,17.5,19.6,61,85,97,85,170.3771397207643,0.0,0.0,40.142350788586285,70.02286027923572,0.0,0.0,78.0576492114137
22.6,19.5,17.0,20.1,71,90,98,80,73.59685770614279,0.0,0.0,48.18924594840908,39.103142293857225,0.0,0.0,77.81075405159092
22.0,18.7,16.7,20.9,75,94,98,75,53.66585953932181,0.0,0.0,37.55937996598735,44.63414046067819,0.0,0.0,76.64062003401267
22.9,18.6,17.1,21.4,72,96,98,74,30.54980529139438,0.0,0.0,38.01686330935252,78.35019470860563,0.0,0.0,102.38313669064749
22.2,18.3,17.6,21.2,77,97,98,74,14.680841084504255,0.0,0.0,27.575002561212994,46.21915891549575,0.0,0.0,75.42499743878702
21.2,17.8,17.8,20.4,81,98,97,78,3.8272303939685117,0.0,3.1465521472392637,8.671722907203115,11.87276960603149,0.0,9.053447852760735,21.328277092796885
20.1,17.5,16.3,19.0,85,97,100,87,0.0,0.0,1.4238380051808015,0.0,0.0,0.0,4.476161994819199,0.0
19.5,17.0,16.7,18.2,90,98,99,93,0.0,0.0,6.10258855585831,0.0,0.0,0.0,17.597411444141688,0.0
18.7,16.7,17.5,17.6,94,98,98,96,0.0,0.0,11.729158264677077,0.0,0.0,0.0,35.670841735322924,0.0
18.6,17.1,17.8,17.5,96,98,94,98,0.0,0.0,43.702436965003194,0.0,0.0,0.0,34.39756303499679,0.0
18.3,17.6,18.0,17.0,97,98,93,98,0.0,0.0,23.031531320214317,0.0,0.0,0.0,58.868468679785686,0.0
17.8,17.8,18.7,16.5,98,97,90,99,0.0,3.1465521472392637,34.33027220984905,0.0,0.0,9.053447852760735,73.86972779015095,0.0
17.5,16.3,19.6,16.4,97,100,85,99,0.0,1.4238380051808015,40.142350788586285,0.0,0.0,4.476161994819199,78.0576492114137,0.0
17.0,16.7,20.1,15.8,98,99,80,99,0.0,6.10258855585831,48.18924594840908,0.0,0.0,17.597411444141688,77.81075405159092,0.0
16.7,17.5,20.9,15.7,98,98,75,99,0.0,11.729158264677077,37.55937996598735,0.0,0.0,35.670841735322924,76.64062003401267,0.0
17.1,17.8,21.4,16.5,98,94,74,99,0.0,43.702436965003194,38.01686330935252,0.0,0.0,34.39756303499679,102.38313669064749,0.0
17.6,18.0,21.2,17.1,98,93,74,93,0.0,23.031531320214317,27.575002561212994,0.0,0.0,58.868468679785686,75.42499743878702,0.0
17.8,18.7,20.4,17.7,97,90,78,90,3.1465521472392637,34.33027220984905,8.671722907203115,42.32500129058902,9.053447852760735,73.86972779015095,21.328277092796885,68.87499870941097
16.3,19.6,19.0,18.6,100,85,87,87,1.4238380051808015,40.142350788586285,0.0,30.600409728423593,4.476161994819199,78.0576492114137,0.0,56.999590271576395
16.7,20.1,18.2,20.0,99,80,93,79,6.10258855585831,48.18924594840908,0.0,51.965447938447795,17.597411444141688,77.81075405159092,0.0,101.5345520615522
17.5,20.9,17.6,20.9,98,75,96,73,11.729158264677077,37.55937996598735,0.0,60.73327919175061,35.670841735322924,76.64062003401267,0.0,141.9667208082494
17.8,21.4,17.5,20.9,94,74,98,81,43.702436965003194,38.01686330935252,0.0,38.37155209136858,34.39756303499679,102.38313669064749,0.0,113.52844790863143
18.0,21.2,17.0,21.3,93,74,98,79,23.031531320214317,27.575002561212994,0.0,66.0668229919691,58.868468679785686,75.42499743878702,0.0,142.93317700803092
18.7,20.4,16.5,23.0,90,78,99,68,34.33027220984905,8.671722907203115,0.0,65.7324723778314,73.86972779015095,21.328277092796885,0.0,185.96752762216857
19.6,19.0,16.4,24.6,85,87,99,60,40.142350788586285,0.0,0.0,45.459666530599435,78.0576492114137,0.0,0.0,216.34033346940058
20.1,18.2,15.8,22.2,80,93,99,73,48.18924594840908,0.0,0.0,21.379347699104702,77.81075405159092,0.0,0.0,100.92065230089528
20.9,17.6,15.7,24.1,75,96,99,66,37.55937996598735,0.0,0.0,23.770927223238587,76.64062003401267,0.0,0.0,128.3290727767614
21.4,17.5,16.5,21.7,74,98,99,70,38.01686330935252,0.0,0.0,16.160170201236483,102.38313669064749,0.0,0.0,88.93982979876351
21.2,17.0,17.1,21.0,74,98,93,74,27.575002561212994,0.0,0.0,6.644190951215382,75.42499743878702,0.0,0.0,34.855809048784614
20.4,16.5,17.7,20.6,78,99,90,77,8.671722907203115,0.0,42.32500129058902,2.1673841645192256,21.328277092796885,0.0,68.87499870941097,11.532615835480772
19.0,16.4,18.6,20.3,87,99,87,79,0.0,0.0,30.600409728423593,0.0,0.0,0.0,56.999590271576395,0.0
18.2,15.8,20.0,19.7,93,99,79,86,0.0,0.0,51.965447938447795,0.0,0.0,0.0,101.5345520615522,0.0
17.6,15.7,20.9,19.1,96,99,73,84,0.0,0.0,60.73327919175061,0.0,0.0,0.0,141.9667208082494,0.0
17.5,16.5,20.9,18.9,98,99,81,84,0.0,0.0,38.37155209136858,0.0,0.0,0.0,113.52844790863143,0.0
17.0,17.1,21.3,18.4,98,93,79,83,0.0,0.0,66.0668229919691,0.0,0.0,0.0,142.93317700803092,0.0
16.5,17.7,23.0,18.3,99,90,68,84,0.0,42.32500129058902,65.7324723778314,0.0,0.0,68.87499870941097,185.96752762216857,0.0
16.4,18.6,24.6,17.9,99,87,60,87,0.0,30.600409728423593,45.459666530599435,0.0,0.0,56.999590271576395,216.34033346940058,0.0
15.8,20.0,22.2,17.6,99,79,73,88,0.0,51.965447938447795,21.379347699104702,0.0,0.0,101.5345520615522,100.92065230089528,0.0
15.7,20.9,24.1,17.6,99,73,66,86,0.0,60.73327919175061,23.770927223238587,0.0,0.0,141.9667208082494,128.3290727767614,0.0
16.5,20.9,21.7,17.9,99,81,70,84,0.0,38.37155209136858,16.160170201236483,0.0,0.0,113.52844790863143,88.93982979876351,0.0
17.1,21.3,21.0,18.6,93,79,74,78,0.0,66.0668229919691,6.644190951215382,0.0,0.0,142.93317700803092,34.855809048784614,0.0
17.7,23.0,20.6,19.8,90,68,77,73,42.32500129058902,65.7324723778314,2.1673841645192256,12.268844405338028,68.87499870941097,185.96752762216857,11.532615835480772,51.23115559466197
18.6,24.6,20.3,21.3,87,60,79,68,30.600409728423593,45.459666530599435,0.0,15.382707327914657,56.999590271576395,216.34033346940058,0.0,71.71729267208534
20.0,22.2,19.7,22.3,79,73,86,62,51.965447938447795,21.379347699104702,0.0,39.07674340333872,101.5345520615522,100.92065230089528,0.0,105.32325659666128
20.9,24.1,19.1,23.1,73,66,84,60,60.73327919175061,23.770927223238587,0.0,76.17190265486727,141.9667208082494,128.3290727767614,0.0,165.12809734513277
20.9,21.7,18.9,22.6,81,70,84,63,38.37155209136858,16.160170201236483,0.0,44.60789826469055,113.52844790863143,88.93982979876351,0.0,116.29210173530946
21.3,21.0,18.4,24.0,79,74,83,59,66.0668229919691,6.644190951215382,0.0,76.64659070887413,142.93317700803092,34.855809048784614,0.0,180.85340929112587
23.0,20.6,18.3,21.6,68,77,84,76,65.7324723778314,2.1673841645192256,0.0,62.34687757552924,185.96752762216857,11.532615835480772,0.0,94.75312242447077
24.6,20.3,17.9,24.6,60,79,87,60,45.459666530599435,0.0,0.0,42.76443900267141,216.34033346940058,0.0,0.0,153.83556099732857
22.2,19.7,17.6,23.9,73,86,88,56,21.379347699104702,0.0,0.0,13.807320046258189,100.92065230089528,0.0,0.0,94.19267995374182
24.1,19.1,17.6,23.0,66,84,86,58,23.770927223238587,0.0,0.0,9.003542524415282,128.3290727767614,0.0,0.0,64.29645747558472
21.7,18.9,17.9,22.8,70,84,84,58,16.160170201236483,0.0,0.0,8.34940255411052,88.93982979876351,0.0,0.0,63.35059744588948
21.0,18.4,18.6,21.9,74,83,78,60,6.644190951215382,0.0,0.0,5.850569091982124,34.855809048784614,0.0,0.0,42.94943090801787
20.6,18.3,19.8,20.8,77,84,73,57,2.1673841645192256,0.0,12.268844405338028,2.4448941244489415,11.532615835480772,0.0,51.23115559466197,14.555105875551059
20.3,17.9,21.3,19.3,79,87,68,64,0.0,0.0,15.382707327914657,0.0,0.0,0.0,71.71729267208534,0.0
19.7,17.6,22.3,17.9,86,88,62,68,0.0,0.0,39.07674340333872,0.0,0.0,0.0,105.32325659666128,0.0
19.1,17.6,23.1,16.3,84,86,60,73,0.0,0.0,76.17190265486727,0.0,0.0,0.0,165.12809734513277,0.0
18.9,17.9,22.6,15.4,84,84,63,78,0.0,0.0,44.60789826469055,0.0,0.0,0.0,116.29210173530946,0.0
18.4,18.6,24.0,14.7,83,78,59,78,0.0,0.0,76.64659070887413,0.0,0.0,0.0,180.85340929112587,0.0
18.3,19.8,21.6,14.5,84,73,76,75,0.0,12.268844405338028,62.34687757552924,0.0,0.0,51.23115559466197,94.75312242447077,0.0
17.9,21.3,24.6,14.3,87,68,60,75,0.0,15.382707327914657,42.76443900267141,0.0,0.0,71.71729267208534,153.83556099732857,0.0
17.6,22.3,23.9,13.8,88,62,56,76,0.0,39.07674340333872,13.807320046258189,0.0,0.0,105.32325659666128,94.19267995374182,0.0
17.6,23.1,23.0,13.3,86,60,58,77,0.0,76.17190265486727,9.003542524415282,0.0,0.0,165.12809734513277,64.29645747558472,0.0
17.9,22.6,22.8,14.0,84,63,58,73,0.0,44.60789826469055,8.34940255411052,0.0,0.0,116.29210173530946,63.35059744588948,0.0
18.6,24.0,21.9,15.6,78,59,60,66,0.0,76.64659070887413,5.850569091982124,0.0,0.0,180.85340929112587,42.94943090801787,0.0
19.8,21.6,20.8,17.5,73,76,57,55,12.268844405338028,62.34687757552924,2.4448941244489415,23.588737233344784,51.23115559466197,94.75312242447077,14.555105875551059,111.01126276665522
21.3,24.6,19.3,18.6,68,60,64,47,15.382707327914657,42.76443900267141,0.0,49.11659673951615,71.71729267208534,153.83556099732857,0.0,148.68340326048386
22.3,23.9,17.9,19.6,62,56,68,44,39.07674340333872,13.807320046258189,0.0,94.55582581404472,105.32325659666128,94.19267995374182,0.0,159.84417418595527
23.1,23.0,16.3,20.3,60,58,73,41,76.17190265486727,9.003542524415282,0.0,127.11280195368818,165.12809734513277,64.29645747558472,0.0,173.98719804631182
22.6,22.8,15.4,20.8,63,58,78,39,44.60789826469055,8.34940255411052,0.0,195.39865861199638,116.29210173530946,63.35059744588948,0.0,138.60134138800362
24.0,21.9,14.7,21.6,59,60,78,38,76.64659070887413,5.850569091982124,0.0,239.31801965441764,180.85340929112587,42.94943090801787,0.0,108.48198034558243
21.6,20.8,14.5,22.6,76,57,75,36,62.34687757552924,2.4448941244489415,0.0,229.14056453193695,94.75312242447077,14.555105875551059,0.0,115.05943546806306
24.6,19.3,14.3,23.1,60,64,75,34,42.76443900267141,0.0,0.0,188.15714615562226,153.83556099732857,0.0,0.0,134.64285384437773
23.9,17.9,13.8,23.0,56,68,76,35,13.807320046258189,0.0,0.0,146.33725360024513,94.19267995374182,0.0,0.0,132.46274639975488
23.0,16.3,13.3,23.2,58,73,77,34,9.003542524415282,0.0,0.0,113.51949696519803,64.29645747558472,0.0,0.0,118.08050303480198
22.8,15.4,14.0,22.9,58,78,73,31,8.34940255411052,0.0,0.0,65.86494492782779,63.35059744588948,0.0,0.0,89.83505507217221
21.9,14.7,15.6,20.8,60,78,66,42,5.850569091982124,0.0,0.0,33.35044006069803,42.94943090801787,0.0,0.0,65.24955993930197
20.8,14.5,17.5,18.7,57,75,55,46,2.4448941244489415,0.0,23.588737233344784,8.709290860826696,14.555105875551059,0.0,111.01126276665522,23.290709139173305
19.3,14.3,18.6,17.0,64,75,47,53,0.0,0.0,49.11659673951615,0.0,0.0,0.0,148.68340326048386,0.0
17.9,13.8,19.6,15.7,68,76,44,57,0.0,0.0,94.55582581404472,0.0,0.0,0.0,159.84417418595527,0.0
16.3,13.3,20.3,14.5,73,77,41,62,0.0,0.0,127.11280195368818,0.0,0.0,0.0,173.98719804631182,0.0
15.4,14.0,20.8,13.8,78,73,39,65,0.0,0.0,195.39865861199638,0.0,0.0,0.0,138.60134138800362,0.0
14.7,15.6,21.6,13.0,78,66,38,71,0.0,0.0,239.31801965441764,0.0,0.0,0.0,108.48198034558243,0.0
14.5,17.5,22.6,12.4,75,55,36,76,0.0,23.588737233344784,229.14056453193695,0.0,0.0,111.01126276665522,115.05943546806306,0.0
14.3,18.6,23.1,13.2,75,47,34,68,0.0,49.11659673951615,188.15714615562226,0.0,0.0,148.68340326048386,134.64285384437773,0.0
13.8,19.6,23.0,12.4,76,44,35,71,0.0,94.55582581404472,146.33725360024513,0.0,0.0,159.84417418595527,132.46274639975488,0.0
13.3,20.3,23.2,12.1,77,41,34,71,0.0,127.11280195368818,113.51949696519803,0.0,0.0,173.98719804631182,118.08050303480198,0.0
14.0,20.8,22.9,12.0,73,39,31,73,0.0,195.39865861199638,65.86494492782779,0.0,0.0,138.60134138800362,89.83505507217221,0.0
15.6,21.6,20.8,14.0,66,38,42,63,0.0,239.31801965441764,33.35044006069803,0.0,0.0,108.48198034558243,65.24955993930197,0.0
17.5,22.6,18.7,15.5,55,36,46,54,23.588737233344784,229.14056453193695,8.709290860826696,27.71115651940459,111.01126276665522,115.05943546806306,23.290709139173305,110.58884348059541
18.6,23.1,17.0,16.9,47,34,53,49,49.11659673951615,188.15714615562226,0.0,36.68819029208918,148.68340326048386,134.64285384437773,0.0,164.51180970791077
19.6,23.0,15.7,17.9,44,35,57,44,94.55582581404472,146.33725360024513,0.0,43.970838479658745,159.84417418595527,132.46274639975488,0.0,212.92916152034127
20.3,23.2,14.5,19.3,41,34,62,39,127.11280195368818,113.51949696519803,0.0,62.85442837188381,173.98719804631182,118.08050303480198,0.0,240.9455716281162
20.8,22.9,13.8,19.9,39,31,65,35,195.39865861199638,65.86494492782779,0.0,64.59411076189443,138.60134138800362,89.83505507217221,0.0,273.60588923810553
21.6,20.8,13.0,21.5,38,42,71,37,239.31801965441764,33.35044006069803,0.0,120.36576973728266,108.48198034558243,65.24955993930197,0.0,246.3342302627173
22.6,18.7,12.4,21.6,36,46,76,36,229.14056453193695,8.709290860826696,0.0,82.5136266722639,115.05943546806306,23.290709139173305,0.0,245.4863733277361
23.1,17.0,13.2,20.6,34,53,68,38,188.15714615562226,0.0,0.0,33.10685888941136,134.64285384437773,0.0,0.0,131.89314111058863
23.0,15.7,12.4,20.4,35,57,71,40,146.33725360024513,0.0,0.0,15.990312616498908,132.46274639975488,0.0,0.0,80.5096873835011
23.2,14.5,12.1,20.6,34,62,71,40,113.51949696519803,0.0,0.0,20.515728322857495,118.08050303480198,0.0,0.0,107.1842716771425
22.9,13.8,12.0,20.8,31,65,73,42,65.86494492782779,0.0,0.0,10.178638567329573,89.83505507217221,0.0,0.0,54.42136143267042
20.8,13.0,14.0,20.4,42,71,63,40,33.35044006069803,0.0,0.0,14.220346526547685,65.24955993930197,0.0,0.0,82.67965347345232
18.7,12.4,15.5,18.4,46,76,54,53,8.709290860826696,0.0,27.71115651940459,2.7835722265801426,23.290709139173305,0.0,110.58884348059541,16.316427773419857
17.0,13.2,16.9,16.6,53,68,49,57,0.0,0.0,36.68819029208918,0.0,0.0,0.0,164.51180970791077,0.0
15.7,12.4,17.9,14.8,57,71,44,67,0.0,0.0,43.970838479658745,0.0,0.0,0.0,212.92916152034127,0.0
14.5,12.1,19.3,14.9,62,71,39,65,0.0,0.0,62.85442837188381,0.0,0.0,0.0,240.9455716281162,0.0
13.8,12.0,19.9,13.3,65,73,35,75,0.0,0.0,64.59411076189443,0.0,0.0,0.0,273.60588923810553,0.0
13.0,14.0,21.5,13.1,71,63,37,77,0.0,0.0,120.36576973728266,0.0,0.0,0.0,246.3342302627173,0.0
12.4,15.5,21.6,12.9,76,54,36,83,0.0,27.71115651940459,82.5136266722639,0.0,0.0,110.58884348059541,245.4863733277361,0.0
13.2,16.9,20.6,12.0,68,49,38,89,0.0,36.68819029208918,33.10685888941136,0.0,0.0,164.51180970791077,131.89314111058863,0.0
12.4,17.9,20.4,11.5,71,44,40,92,0.0,43.970838479658745,15.990312616498908,0.0,0.0,212.92916152034127,80.5096873835011,0.0
12.1,19.3,20.6,11.0,71,39,40,93,0.0,62.85442837188381,20.515728322857495,0.0,0.0,240.9455716281162,107.1842716771425,0.0
12.0,19.9,20.8,12.6,73,35,42,87,0.0,64.59411076189443,10.178638567329573,0.0,0.0,273.60588923810553,54.42136143267042,0.0
14.0,21.5,20.4,14.3,63,37,40,80,0.0,120.36576973728266,14.220346526547685,0.0,0.0,246.3342302627173,82.67965347345232,0.0
15.5,21.6,18.4,16.4,54,36,53,73,27.71115651940459,82.5136266722639,2.7835722265801426,24.74312551496842,110.58884348059541,245.4863733277361,16.316427773419857,111.05687448503159
16.9,20.6,16.6,18.4,49,38,57,66,36.68819029208918,33.10685888941136,0.0,39.250945647731925,164.51180970791077,131.89314111058863,0.0,172.5490543522681
17.9,20.4,14.8,18.6,44,40,67,63,43.970838479658745,15.990312616498908,0.0,30.180212574967147,212.92916152034127,80.5096873835011,0.0,129.01978742503283
19.3,20.6,14.9,20.3,39,40,65,54,62.85442837188381,20.515728322857495,0.0,42.056615526588985,240.9455716281162,107.1842716771425,0.0,181.343384473411
19.9,20.8,13.3,21.1,35,42,75,51,64.59411076189443,10.178638567329573,0.0,47.5285044293903,273.60588923810553,54.42136143267042,0.0,145.6714955706097
21.5,20.4,13.1,21.6,37,40,77,45,120.36576973728266,14.220346526547685,0.0,54.36195741239319,246.3342302627173,82.67965347345232,0.0,228.1380425876068
21.6,18.4,12.9,23.0,36,53,83,37,82.5136266722639,2.7835722265801426,0.0,71.14104844627971,245.4863733277361,16.316427773419857,0.0,274.75895155372024
20.6,16.6,12.0,23.1,38,57,89,38,33.10685888941136,0.0,0.0,63.62246676835912,131.89314111058863,0.0,0.0,213.77753323164086
20.4,14.8,11.5,22.7,40,67,92,42,15.990312616498908,0.0,0.0,36.90395260885571,80.5096873835011,0.0,0.0,120.29604739114426
20.6,14.9,11.0,21.9,40,65,93,45,20.515728322857495,0.0,0.0,25.250616633287656,107.1842716771425,0.0,0.0,99.84938336671233
20.8,13.3,12.6,21.5,42,75,87,44,10.178638567329573,0.0,0.0,13.055712463987152,54.42136143267042,0.0,0.0,33.84428753601284
20.4,13.1,14.3,21.3,40,77,80,45,14.220346526547685,0.0,0.0,10.414760994263862,82.67965347345232,0.0,0.0,21.885239005736135
18.4,12.9,16.4,21.2,53,83,73,45,2.7835722265801426,0.0,24.74312551496842,11.790717299578061,16.316427773419857,0.0,111.05687448503159,12.009282700421942
16.6,12.0,18.4,19.4,57,89,66,49,0.0,0.0,39.250945647731925,0.0,0.0,0.0,172.5490543522681,0.0
14.8,11.5,18.6,16.2,67,92,63,63,0.0,0.0,30.180212574967147,0.0,0.0,0.0,129.01978742503283,0.0
14.9,11.0,20.3,14.3,65,93,54,76,0.0,0.0,42.056615526588985,0.0,0.0,0.0,181.343384473411,0.0
13.3,12.6,21.1,15.9,75,87,51,70,0.0,0.0,47.5285044293903,0.0,0.0,0.0,145.6714955706097,0.0
13.1,14.3,21.6,13.3,77,80,45,82,0.0,0.0,54.36195741239319,0.0,0.0,0.0,228.1380425876068,0.0
12.9,16.4,23.0,13.6,83,73,37,80,0.0,24.74312551496842,71.14104844627971,0.0,0.0,111.05687448503159,274.75895155372024,0.0
12.0,18.4,23.1,13.0,89,66,38,84,0.0,39.250945647731925,63.62246676835912,0.0,0.0,172.5490543522681,213.77753323164086,0.0
11.5,18.6,22.7,12.4,92,63,42,85,0.0,30.180212574967147,36.90395260885571,0.0,0.0,129.01978742503283,120.29604739114426,0.0
11.0,20.3,21.9,12.7,93,54,45,85,0.0,42.056615526588985,25.250616633287656,0.0,0.0,181.343384473411,99.84938336671233,0.0
12.6,21.1,21.5,14.3,87,51,44,81,0.0,47.5285044293903,13.055712463987152,0.0,0.0,145.6714955706097,33.84428753601284,0.0
14.3,21.6,21.3,16.2,80,45,45,74,0.0,54.36195741239319,10.414760994263862,0.0,0.0,228.1380425876068,21.885239005736135,0.0
16.4,23.0,21.2,18.0,73,37,45,66,24.74312551496842,71.14104844627971,11.790717299578061,23.221580833804943,111.05687448503159,274.75895155372024,12.009282700421942,107.17841916619507
18.4,23.1,19.4,19.9,66,38,49,58,39.250945647731925,63.62246676835912,0.0,30.289221334324473,172.5490543522681,213.77753323164086,0.0,153.91077866567548
18.6,22.7,16.2,22.0,63,42,63,50,30.180212574967147,36.90395260885571,0.0,38.760309372823585,129.01978742503283,120.29604739114426,0.0,221.23969062717643
20.3,21.9,14.3,22.4,54,45,76,41,42.056615526588985,25.250616633287656,0.0,32.95793978363819,181.343384473411,99.84938336671233,0.0,236.14206021636184
21.1,21.5,15.9,23.3,51,44,70,38,47.5285044293903,13.055712463987152,0.0,65.43633704119468,145.6714955706097,33.84428753601284,0.0,265.4636629588053
21.6,21.3,13.3,24.3,45,45,82,32,54.36195741239319,10.414760994263862,0.0,80.51621504592174,228.1380425876068,21.885239005736135,0.0,265.68378495407825
23.0,21.2,13.6,24.1,37,45,80,34,71.14104844627971,11.790717299578061,0.0,40.81705186355911,274.75895155372024,12.009282700421942,0.0,157.38294813644086
23.1,19.4,13.0,24.0,38,49,84,35,63.62246676835912,0.0,0.0,58.72493946180694,213.77753323164086,0.0,0.0,178.47506053819308
22.7,16.2,12.4,23.9,42,63,85,36,36.90395260885571,0.0,0.0,21.291746311337267,120.29604739114426,0.0,0.0,88.30825368866273
21.9,14.3,12.7,23.9,45,76,85,33,25.250616633287656,0.0,0.0,19.290395706237287,99.84938336671233,0.0,0.0,104.30960429376269
21.5,15.9,14.3,23.8,44,70,81,34,13.055712463987152,0.0,0.0,12.941962159058985,33.84428753601284,0.0,0.0,71.55803784094103
21.3,13.3,16.2,23.2,45,82,74,36,10.414760994263862,0.0,0.0,7.6133781190019185,21.885239005736135,0.0,0.0,45.48662188099808
21.2,13.6,18.0,22.4,45,80,66,38,11.790717299578061,0.0,23.221580833804943,3.212219629946178,12.009282700421942,0.0,107.17841916619507,19.487780370053823
19.4,13.0,19.9,20.0,49,84,58,49,0.0,0.0,30.289221334324473,0.0,0.0,0.0,153.91077866567548,0.0
16.2,12.4,22.0,18.8,63,85,50,54,0.0,0.0,38.760309372823585,0.0,0.0,0.0,221.23969062717643,0.0
14.3,12.7,22.4,19.2,76,85,41,54,0.0,0.0,32.95793978363819,0.0,0.0,0.0,236.14206021636184,0.0
15.9,14.3,23.3,18.0,70,81,38,62,0.0,0.0,65.43633704119468,0.0,0.0,0.0,265.4636629588053,0.0
13.3,16.2,24.3,17.9,82,74,32,62,0.0,0.0,80.51621504592174,0.0,0.0,0.0,265.68378495407825,0.0
13.6,18.0,24.1,17.3,80,66,34,65,0.0,23.221580833804943,40.81705186355911,0.0,0.0,107.17841916619507,157.38294813644086,0.0
13.0,19.9,24.0,17.6,84,58,35,62,0.0,30.289221334324473,58.72493946180694,0.0,0.0,153.91077866567548,178.47506053819308,0.0
12.4,22.0,23.9,17.4,85,50,36,64,0.0,38.760309372823585,21.291746311337267,0.0,0.0,221.23969062717643,88.30825368866273,0.0
12.7,22.4,23.9,17.2,85,41,33,64,0.0,32.95793978363819,19.290395706237287,0.0,0.0,236.14206021636184,104.30960429376269,0.0
14.3,23.3,23.8,16.8,81,38,34,67,0.0,65.43633704119468,12.941962159058985,0.0,0.0,265.4636629588053,71.55803784094103,0.0
16.2,24.3,23.2,17.6,74,32,36,67,0.0,80.51621504592174,7.6133781190019185,0.0,0.0,265.68378495407825,45.48662188099808,0.0
18.0,24.1,22.4,18.5,66,34,38,65,23.221580833804943,40.81705186355911,3.212219629946178,7.84425952996739,107.17841916619507,157.38294813644086,19.487780370053823,49.65574047003261
19.9,24.0,20.0,19.9,58,35,49,61,30.289221334324473,58.72493946180694,0.0,10.13534777959747,153.91077866567548,178.47506053819308,0.0,82.16465222040252
22.0,23.9,18.8,20.7,50,36,54,57,38.760309372823585,21.291746311337267,0.0,8.54786396883359,221.23969062717643,88.30825368866273,0.0,100.5521360311664
22.4,23.9,19.2,21.8,41,33,54,54,32.95793978363819,19.290395706237287,0.0,10.226681682151385,236.14206021636184,104.30960429376269,0.0,125.27331831784862
23.3,23.8,18.0,22.5,38,34,62,54,65.43633704119468,12.941962159058985,0.0,13.334251805881584,265.4636629588053,71.55803784094103,0.0,163.96574819411842
24.3,23.2,17.9,23.9,32,36,62,48,80.51621504592174,7.6133781190019185,0.0,22.0732147522862,265.68378495407825,45.48662188099808,0.0,265.12678524771377
24.1,22.4,17.3,24.8,34,38,65,43,40.81705186355911,3.212219629946178,0.0,39.654430249330304,157.38294813644086,19.487780370053823,0.0,318.54556975066964
24.0,20.0,17.6,25.5,35,49,62,41,58.72493946180694,0.0,0.0,53.49000127210278,178.47506053819308,0.0,0.0,246.90999872789718
23.9,18.8,17.4,25.4,36,54,64,40,21.291746311337267,0.0,0.0,38.40265183202275,88.30825368866273,0.0,0.0,233.79734816797725
23.9,19.2,17.2,24.9,33,54,64,42,19.290395706237287,0.0,0.0,14.671062208331549,104.30960429376269,0.0,0.0,117.32893779166844
23.8,18.0,16.8,20.1,34,62,67,56,12.941962159058985,0.0,0.0,6.14198886071259,71.55803784094103,0.0,0.0,46.75801113928741
23.2,17.9,17.6,19.3,36,62,67,70,7.6133781190019185,0.0,0.0,5.737155022867056,45.48662188099808,0.0,0.0,39.362844977132944
22.4,17.3,18.5,19.9,38,65,65,67,3.212219629946178,0.0,7.84425952996739,8.246615477874318,19.487780370053823,0.0,49.65574047003261,57.05338452212568
20.0,17.6,19.9,18.5,49,62,61,74,0.0,0.0,10.13534777959747,0.0,0.0,0.0,82.16465222040252,0.0
18.8,17.4,20.7,17.3,54,64,57,80,0.0,0.0,8.54786396883359,0.0,0.0,0.0,100.5521360311664,0.0
19.2,17.2,21.8,15.8,54,64,54,88,0.0,0.0,10.226681682151385,0.0,0.0,0.0,125.27331831784862,0.0
18.0,16.8,22.5,14.9,62,67,54,91,0.0,0.0,13.334251805881584,0.0,0.0,0.0,163.96574819411842,0.0
17.9,17.6,23.9,14.3,62,67,48,93,0.0,0.0,22.0732147522862,0.0,0.0,0.0,265.12678524771377,0.0
17.3,18.5,24.8,13.8,65,65,43,93,0.0,7.84425952996739,39.654430249330304,0.0,0.0,49.65574047003261,318.54556975066964,0.0
17.6,19.9,25.5,13.2,62,61,41,95,0.0,10.13534777959747,53.49000127210278,0.0,0.0,82.16465222040252,246.90999872789718,0.0
17.4,20.7,25.4,13.4,64,57,40,90,0.0,8.54786396883359,38.40265183202275,0.0,0.0,100.5521360311664,233.79734816797725,0.0
17.2,21.8,24.9,13.5,64,54,42,86,0.0,10.226681682151385,14.671062208331549,0.0,0.0,125.27331831784862,117.32893779166844,0.0
16.8,22.5,20.1,14.8,67,54,56,80,0.0,13.334251805881584,6.14198886071259,0.0,0.0,163.96574819411842,46.75801113928741,0.0
17.6,23.9,19.3,17.0,67,48,70,70,0.0,22.0732147522862,5.737155022867056,0.0,0.0,265.12678524771377,39.362844977132944,0.0
18.5,24.8,19.9,19.0,65,43,67,62,7.84425952996739,39.654430249330304,8.246615477874318,17.168488926268573,49.65574047003261,318.54556975066964,57.05338452212568,102.83151107373142
19.9,25.5,18.5,20.2,61,41,74,58,10.13534777959747,53.49000127210278,0.0,24.010426296866974,82.16465222040252,246.90999872789718,0.0,157.88957370313304
20.7,25.4,17.3,21.4,57,40,80,55,8.54786396883359,38.40265183202275,0.0,29.346459198596083,100.5521360311664,233.79734816797725,0.0,218.05354080140393
21.8,24.9,15.8,22.7,54,42,88,48,10.226681682151385,14.671062208331549,0.0,28.83188688549193,125.27331831784862,117.32893779166844,0.0,236.46811311450807
22.5,20.1,14.9,23.0,54,56,91,49,13.334251805881584,6.14198886071259,0.0,46.63004554935932,163.96574819411842,46.75801113928741,0.0,226.66995445064066
23.9,19.3,14.3,23.6,48,70,93,46,22.0732147522862,5.737155022867056,0.0,73.92204026425513,265.12678524771377,39.362844977132944,0.0,241.47795973574486
24.8,19.9,13.8,23.6,43,67,93,44,39.654430249330304,8.246615477874318,0.0,59.102854038785374,318.54556975066964,57.05338452212568,0.0,233.5971459612146
25.5,18.5,13.2,23.6,41,74,95,46,53.49000127210278,0.0,0.0,64.37699044022187,246.90999872789718,0.0,0.0,146.82300955977811
25.4,17.3,13.4,24.1,40,80,90,41,38.40265183202275,0.0,0.0,46.49734548732845,233.79734816797725,0.0,0.0,159.60265451267153
24.9,15.8,13.5,23.8,42,88,86,43,14.671062208331549,0.0,0.0,27.04009581850847,117.32893779166844,0.0,0.0,106.15990418149153
20.1,14.9,14.8,23.3,56,91,80,45,6.14198886071259,0.0,0.0,20.146032394941994,46.75801113928741,0.0,0.0,74.75396760505801
19.3,14.3,17.0,23.9,70,93,70,43,5.737155022867056,0.0,0.0,16.446154677619848,39.362844977132944,0.0,0.0,65.95384532238016
19.9,13.8,19.0,23.0,67,93,62,45,8.246615477874318,0.0,17.168488926268573,9.350541609671335,57.05338452212568,0.0,102.83151107373142,30.949458390328655
18.5,13.2,20.2,21.6,74,95,58,50,0.0,0.0,24.010426296866974,1.546483704974271,0.0,0.0,157.88957370313304,3.3535162950257296
17.3,13.4,21.4,18.7,80,90,55,60,0.0,0.0,29.346459198596083,0.0,0.0,0.0,218.05354080140393,0.0
15.8,13.5,22.7,19.0,88,86,48,58,0.0,0.0,28.83188688549193,0.0,0.0,0.0,236.46811311450807,0.0
14.9,14.8,23.0,15.8,91,80,49,74,0.0,0.0,46.63004554935932,0.0,0.0,0.0,226.66995445064066,0.0
14.3,17.0,23.6,17.7,93,70,46,64,0.0,0.0,73.92204026425513,0.0,0.0,0.0,241.47795973574486,0.0
13.8,19.0,23.6,17.4,93,62,44,65,0.0,17.168488926268573,59.102854038785374,0.0,0.0,102.83151107373142,233.5971459612146,0.0
13.2,20.2,23.6,16.0,95,58,46,71,0.0,24.010426296866974,64.37699044022187,0.0,0.0,157.88957370313304,146.82300955977811,0.0
13.4,21.4,24.1,14.6,90,55,41,77,0.0,29.346459198596083,46.49734548732845,0.0,0.0,218.05354080140393,159.60265451267153,0.0
13.5,22.7,23.8,13.5,86,48,43,83,0.0,28.83188688549193,27.04009581850847,0.0,0.0,236.46811311450807,106.15990418149153,0.0
14.8,23.0,23.3,14.4,80,49,45,84,0.0,46.63004554935932,20.146032394941994,0.0,0.0,226.66995445064066,74.75396760505801,0.0
17.0,23.6,23.9,17.1,70,46,43,73,0.0,73.92204026425513,16.446154677619848,0.0,0.0,241.47795973574486,65.95384532238016,0.0
19.0,23.6,23.0,20.0,62,44,45,59,17.168488926268573,59.102854038785374,9.350541609671335,24.870475259480752,102.83151107373142,233.5971459612146,30.949458390328655,105.12952474051924
20.2,23.6,21.6,22.2,58,46,50,48,24.010426296866974,64.37699044022187,1.546483704974271,34.95712433343599,157.88957370313304,146.82300955977811,3.3535162950257296,158.94287566656402
21.4,24.1,18.7,23.4,55,41,60,44,29.346459198596083,46.49734548732845,0.0,43.28650269336315,218.05354080140393,159.60265451267153,0.0,208.31349730663686
22.7,23.8,19.0,24.6,48,43,58,41,28.83188688549193,27.04009581850847,0.0,41.008994127507464,236.46811311450807,106.15990418149153,0.0,253.3910058724925
23.0,23.3,15.8,25.2,49,45,74,37,46.63004554935932,20.146032394941994,0.0,94.9086582442651,226.66995445064066,74.75396760505801,0.0,231.69134175573495
23.6,23.9,17.7,26.3,46,43,64,34,73.92204026425513,16.446154677619848,0.0,74.79016814599655,241.47795973574486,65.95384532238016,0.0,256.9098318540034
23.6,23.0,17.4,26.6,44,45,65,35,59.102854038785374,9.350541609671335,0.0,184.5940830030135,233.5971459612146,30.949458390328655,0.0,149.50591699698649
23.6,21.6,16.0,26.8,46,50,71,35,64.37699044022187,1.546483704974271,0.0,75.25869509255575,146.82300955977811,3.3535162950257296,0.0,228.44130490744425
24.1,18.7,14.6,27.4,41,60,77,33,46.49734548732845,0.0,0.0,51.316319763234354,159.60265451267153,0.0,0.0,224.88368023676563
23.8,19.0,13.5,27.0,43,58,83,31,27.04009581850847,0.0,0.0,34.930981337343,106.15990418149153,0.0,0.0,198.169018662657
23.3,15.8,14.4,26.8,45,74,84,33,20.146032394941994,0.0,0.0,23.746381523493,74.75396760505801,0.0,0.0,140.453618476507
23.9,17.7,17.1,26.3,43,64,73,31,16.446154677619848,0.0,0.0,14.590339534124146,65.95384532238016,0.0,0.0,84.90966046587586
23.0,17.4,20.0,25.4,45,65,59,35,9.350541609671335,0.0,24.870475259480752,6.304487011283126,30.949458390328655,0.0,105.12952474051924,35.99551298871687
21.6,16.0,22.2,21.3,50,71,48,50,1.546483704974271,0.0,34.95712433343599,0.7251387787470261,3.3535162950257296,0.0,158.94287566656402,3.7748612212529737
18.7,14.6,23.4,19.7,60,77,44,57,0.0,0.0,43.28650269336315,0.0,0.0,0.0,208.31349730663686,0.0
19.0,13.5,24.6,17.7,58,83,41,69,0.0,0.0,41.008994127507464,0.0,0.0,0.0,253.3910058724925,0.0
15.8,14.4,25.2,17.3,74,84,37,72,0.0,0.0,94.9086582442651,0.0,0.0,0.0,231.69134175573495,0.0
17.7,17.1,26.3,15.5,64,73,34,80,0.0,0.0,74.79016814599655,0.0,0.0,0.0,256.9098318540034,0.0
17.4,20.0,26.6,15.4,65,59,35,80,0.0,24.870475259480752,184.5940830030135,0.0,0.0,105.12952474051924,149.50591699698649,0.0
16.0,22.2,26.8,15.8,71,48,35,77,0.0,34.95712433343599,75.25869509255575,0.0,0.0,158.94287566656402,228.44130490744425,0.0
14.6,23.4,27.4,14.0,77,44,33,87,0.0,43.28650269336315,51.316319763234354,0.0,0.0,208.31349730663686,224.88368023676563,0.0
13.5,24.6,27.0,14.7,83,41,31,83,0.0,41.008994127507464,34.930981337343,0.0,0.0,253.3910058724925,198.169018662657,0.0
14.4,25.2,26.8,15.5,84,37,33,84,0.0,94.9086582442651,23.746381523493,0.0,0.0,231.69134175573495,140.453618476507,0.0
17.1,26.3,26.3,18.0,73,34,31,74,0.0,74.79016814599655,14.590339534124146,0.0,0.0,256.9098318540034,84.90966046587586,0.0
20.0,26.6,25.4,20.4,59,35,35,69,24.870475259480752,184.5940830030135,6.304487011283126,17.37964287525998,105.12952474051924,149.50591699698649,35.99551298871687,88.92035712474002
22.2,26.8,21.3,23.1,48,35,50,59,34.95712433343599,75.25869509255575,0.7251387787470261,29.346923894880753,158.94287566656402,228.44130490744425,3.7748612212529737,153.25307610511925
23.4,27.4,19.7,24.8,44,33,57,51,43.28650269336315,51.316319763234354,0.0,37.785245721001985,208.31349730663686,224.88368023676563,0.0,200.51475427899803
24.6,27.0,17.7,25.7,41,31,69,49,41.008994127507464,34.930981337343,0.0,37.134202090745866,253.3910058724925,198.169018662657,0.0,200.26579790925413
25.2,26.8,17.3,27.5,37,33,72,42,94.9086582442651,23.746381523493,0.0,51.98575572901449,231.69134175573495,140.453618476507,0.0,264.71424427098555
26.3,26.3,15.5,28.1,34,31,80,38,74.79016814599655,14.590339534124146,0.0,89.4657754368737,256.9098318540034,84.90966046587586,0.0,237.5342245631263
26.6,25.4,15.4,28.6,35,35,80,38,184.5940830030135,6.304487011283126,0.0,44.258550386951825,149.50591699698649,35.99551298871687,0.0,220.74144961304822
26.8,21.3,15.8,29.3,35,50,77,35,75.25869509255575,0.7251387787470261,0.0,55.26654115948009,228.44130490744425,3.7748612212529737,0.0,271.23345884051986
27.4,19.7,14.0,29.4,33,57,87,35,51.316319763234354,0.0,0.0,35.50793790404151,224.88368023676563,0.0,0.0,159.9920620959585
27.0,17.7,14.7,28.6,31,69,83,37,34.930981337343,0.0,0.0,27.824573934976957,198.169018662657,0.0,0.0,126.97542606502306
26.8,17.3,15.5,28.1,33,72,84,40,23.746381523493,0.0,0.0,7.209731001028959,140.453618476507,0.0,0.0,35.890268998971045
26.3,15.5,18.0,27.7,31,80,74,44,14.590339534124146,0.0,0.0,4.503083037449407,84.90966046587586,0.0,0.0,24.996916962550593
25.4,15.4,20.4,27.0,35,80,69,47,6.304487011283126,0.0,17.37964287525998,3.001205814706473,35.99551298871687,0.0,88.92035712474002,18.298794185293524
21.3,15.8,23.1,24.5,50,77,59,58,0.7251387787470261,0.0,29.346923894880753,0.8084202950701691,3.7748612212529737,0.0,153.25307610511925,3.8915797049298306
19.7,14.0,24.8,23.0,57,87,51,64,0.0,0.0,37.785245721001985,0.0,0.0,0.0,200.51475427899803,0.0
17.7,14.7,25.7,20.9,69,83,49,73,0.0,0.0,37.134202090745866,0.0,0.0,0.0,200.26579790925413,0.0
17.3,15.5,27.5,21.4,72,84,42,71,0.0,0.0,51.98575572901449,0.0,0.0,0.0,264.71424427098555,0.0
15.5,18.0,28.1,19.9,80,74,38,75,0.0,0.0,89.4657754368737,0.0,0.0,0.0,237.5342245631263,0.0
15.4,20.4,28.6,19.6,80,69,38,76,0.0,17.37964287525998,44.258550386951825,0.0,0.0,88.92035712474002,220.74144961304822,0.0
15.8,23.1,29.3,18.7,77,59,35,79,0.0,29.346923894880753,55.26654115948009,0.0,0.0,153.25307610511925,271.23345884051986,0.0
14.0,24.8,29.4,18.2,87,51,35,79,0.0,37.785245721001985,35.50793790404151,0.0,0.0,200.51475427899803,159.9920620959585,0.0
14.7,25.7,28.6,17.6,83,49,37,83,0.0,37.134202090745866,27.824573934976957,0.0,0.0,200.26579790925413,126.97542606502306,0.0
15.5,27.5,28.1,18.3,84,42,40,79,0.0,51.98575572901449,7.209731001028959,0.0,0.0,264.71424427098555,35.890268998971045,0.0
18.0,28.1,27.7,20.0,74,38,44,72,0.0,89.4657754368737,4.503083037449407,0.0,0.0,237.5342245631263,24.996916962550593,0.0
20.4,28.6,27.0,22.2,69,38,47,67,17.37964287525998,44.258550386951825,3.001205814706473,32.65254936765032,88.92035712474002,220.74144961304822,18.298794185293524,68.5474506323497
23.1,29.3,24.5,24.6,59,35,58,58,29.346923894880753,55.26654115948009,0.8084202950701691,72.52174307762142,153.25307610511925,271.23345884051986,3.8915797049298306,101.17825692237857
24.8,29.4,23.0,26.5,51,35,64,49,37.785245721001985,35.50793790404151,0.0,80.36063763352506,200.51475427899803,159.9920620959585,0.0,154.43936236647497
25.7,28.6,20.9,27.9,49,37,73,42,37.134202090745866,27.824573934976957,0.0,107.92728767942585,200.26579790925413,126.97542606502306,0.0,172.17271232057416
27.5,28.1,21.4,28.8,42,40,71,41,51.98575572901449,7.209731001028959,0.0,132.89625195598717,264.71424427098555,35.890268998971045,0.0,177.6037480440128
28.1,27.7,19.9,29.5,38,44,75,38,89.4657754368737,4.503083037449407,0.0,192.1867960846951,237.5342245631263,24.996916962550593,0.0,133.3132039153049
28.6,27.0,19.6,29.9,38,47,76,35,44.258550386951825,3.001205814706473,0.0,184.42318292131134,220.74144961304822,18.298794185293524,0.0,111.57681707868866
29.3,24.5,18.7,30.6,35,58,79,34,55.26654115948009,0.8084202950701691,0.0,190.33983914047292,271.23345884051986,3.8915797049298306,0.0,115.06016085952707
29.4,23.0,18.2,30.9,35,64,79,36,35.50793790404151,0.0,0.0,168.62270589672335,159.9920620959585,0.0,0.0,95.67729410327664
28.6,20.9,17.6,31.0,37,73,83,35,27.824573934976957,0.0,0.0,130.7647300479284,126.97542606502306,0.0,0.0,75.53526995207162
28.1,21.4,18.3,30.7,40,71,79,34,7.209731001028959,0.0,0.0,93.51618969579023,35.890268998971045,0.0,0.0,62.08381030420977
27.7,19.9,20.0,29.6,44,75,72,39,4.503083037449407,0.0,0.0,29.18452096213728,24.996916962550593,0.0,0.0,58.515479037862725
27.0,19.6,22.2,27.5,47,76,67,45,3.001205814706473,0.0,32.65254936765032,11.428869357962165,18.298794185293524,0.0,68.5474506323497,17.071130642037836
24.5,18.7,24.6,24.8,58,79,58,53,0.8084202950701691,0.0,72.52174307762142,1.3139486877027429,3.8915797049298306,0.0,101.17825692237857,3.3860513122972575
23.0,18.2,26.5,23.9,64,79,49,56,0.0,0.0,80.36063763352506,0.0,0.0,0.0,154.43936236647497,0.0
20.9,17.6,27.9,23.1,73,83,42,60,0.0,0.0,107.92728767942585,0.0,0.0,0.0,172.17271232057416,0.0
21.4,18.3,28.8,22.7,71,79,41,59,0.0,0.0,132.89625195598717,0.0,0.0,0.0,177.6037480440128,0.0
19.9,20.0,29.5,21.4,75,72,38,64,0.0,0.0,192.1867960846951,0.0,0.0,0.0,133.3132039153049,0.0
19.6,22.2,29.9,21.4,76,67,35,63,0.0,32.65254936765032,184.42318292131134,0.0,0.0,68.5474506323497,111.57681707868866,0.0
18.7,24.6,30.6,21.1,79,58,34,63,0.0,72.52174307762142,190.33983914047292,0.0,0.0,101.17825692237857,115.06016085952707,0.0
18.2,26.5,30.9,20.2,79,49,36,67,0.0,80.36063763352506,168.62270589672335,0.0,0.0,154.43936236647497,95.67729410327664,0.0
17.6,27.9,31.0,19.6,83,42,35,71,0.0,107.92728767942585,130.7647300479284,0.0,0.0,172.17271232057416,75.53526995207162,0.0
18.3,28.8,30.7,20.1,79,41,34,71,0.0,132.89625195598717,93.51618969579023,0.0,0.0,177.6037480440128,62.08381030420977,0.0
20.0,29.5,29.6,22.3,72,38,39,66,0.0,192.1867960846951,29.18452096213728,0.0,0.0,133.3132039153049,58.515479037862725,0.0
22.2,29.9,27.5,24.2,67,35,45,62,32.65254936765032,184.42318292131134,11.428869357962165,34.40174650904148,68.5474506323497,111.57681707868866,17.071130642037836,88.99825349095852
24.6,30.6,24.8,26.0,58,34,53,60,72.52174307762142,190.33983914047292,1.3139486877027429,40.268675739012465,101.17825692237857,115.06016085952707,3.3860513122972575,132.23132426098752
26.5,30.9,23.9,28.4,49,36,56,51,80.36063763352506,168.62270589672335,0.0,46.71976126190139,154.43936236647497,95.67729410327664,0.0,188.08023873809861
27.9,31.0,23.1,30.5,42,35,60,48,107.92728767942585,130.7647300479284,0.0,58.750874522719215,172.17271232057416,75.53526995207162,0.0,219.0491254772808
28.8,30.7,22.7,30.0,41,34,59,50,132.89625195598717,93.51618969579023,0.0,81.15598434565707,177.6037480440128,62.08381030420977,0.0,140.24401565434295
29.5,29.6,21.4,29.7,38,39,64,50,192.1867960846951,29.18452096213728,0.0,38.40900246390494,133.3132039153049,58.515479037862725,0.0,147.49099753609508
29.9,27.5,21.4,30.1,35,45,63,52,184.42318292131134,11.428869357962165,0.0,47.13764310810488,111.57681707868866,17.071130642037836,0.0,112.96235689189511
30.6,24.8,21.1,31.6,34,53,63,47,190.33983914047292,1.3139486877027429,0.0,96.50625665601704,115.06016085952707,3.3860513122972575,0.0,205.99374334398294
30.9,23.9,20.2,31.7,36,56,67,44,168.62270589672335,0.0,0.0,114.90419635787809,95.67729410327664,0.0,0.0,140.59580364212195
31.0,23.1,19.6,31.8,35,60,71,43,130.7647300479284,0.0,0.0,77.70027944938121,75.53526995207162,0.0,0.0,128.0997205506188
30.7,22.7,20.1,31.8,34,59,71,45,93.51618969579023,0.0,0.0,46.879575930271535,62.08381030420977,0.0,0.0,99.82042406972845
29.6,21.4,22.3,31.3,39,64,66,46,29.18452096213728,0.0,0.0,33.22793532118208,58.515479037862725,0.0,0.0,59.8720646788179
27.5,21.4,24.2,29.5,45,63,62,50,11.428869357962165,0.0,34.40174650904148,10.065010372919092,17.071130642037836,0.0,88.99825349095852,16.534989627080908
24.8,21.1,26.0,27.6,53,63,60,59,1.3139486877027429,0.0,40.268675739012465,0.2890331397335155,3.3860513122972575,0.0,132.23132426098752,0.6109668602664845
23.9,20.2,28.4,27.5,56,67,51,61,0.0,0.0,46.71976126190139,0.0,0.0,0.0,188.08023873809861,0.0
23.1,19.6,30.5,22.2,60,71,48,92,0.0,0.0,58.750874522719215,0.0,0.0,0.0,219.0491254772808,0.0
22.7,20.1,30.0,21.7,59,71,50,85,0.0,0.0,81.15598434565707,0.0,0.0,0.0,140.24401565434295,0.0
21.4,22.3,29.7,20.7,64,66,50,92,0.0,0.0,38.40900246390494,0.0,0.0,0.0,147.49099753609508,0.0
21.4,24.2,30.1,21.1,63,62,52,89,0.0,34.40174650904148,47.13764310810488,0.0,0.0,88.99825349095852,112.96235689189511,0.0
21.1,26.0,31.6,19.8,63,60,47,95,0.0,40.268675739012465,96.50625665601704,0.0,0.0,132.23132426098752,205.99374334398294,0.0
20.2,28.4,31.7,20.0,67,51,44,94,0.0,46.71976126190139,114.90419635787809,0.0,0.0,188.08023873809861,140.59580364212195,0.0
19.6,30.5,31.8,20.0,71,48,43,96,0.0,58.750874522719215,77.70027944938121,0.0,0.0,219.0491254772808,128.0997205506188,0.0
20.1,30.0,31.8,20.0,71,50,45,96,0.0,81.15598434565707,46.879575930271535,0.0,0.0,140.24401565434295,99.82042406972845,0.0
22.3,29.7,31.3,21.7,66,50,46,87,0.0,38.40900246390494,33.22793532118208,0.0,0.0,147.49099753609508,59.8720646788179,0.0
24.2,30.1,29.5,23.6,62,52,50,78,34.40174650904148,47.13764310810488,10.065010372919092,41.36326482025237,88.99825349095852,112.96235689189511,16.534989627080908,60.536735179747645
26.0,31.6,27.6,25.9,60,47,59,65,40.268675739012465,96.50625665601704,0.2890331397335155,58.828691219386066,132.23132426098752,205.99374334398294,0.6109668602664845,121.67130878061394
28.4,31.7,27.5,27.0,51,44,61,56,46.71976126190139,114.90419635787809,0.0,70.9657346352671,188.08023873809861,140.59580364212195,0.0,159.33426536473291
30.5,31.8,22.2,29.1,48,43,92,54,58.750874522719215,77.70027944938121,0.0,138.62606558636048,219.0491254772808,128.0997205506188,0.0,139.07393441363948
30.0,31.8,21.7,29.1,50,45,85,53,81.15598434565707,46.879575930271535,0.0,157.09494550440382,140.24401565434295,99.82042406972845,0.0,148.20505449559622
29.7,31.3,20.7,30.1,50,46,92,51,38.40900246390494,33.22793532118208,0.0,222.38447651836157,147.49099753609508,59.8720646788179,0.0,93.91552348163842
30.1,29.5,21.1,31.0,52,50,89,48,47.13764310810488,10.065010372919092,0.0,147.3808731075814,112.96235689189511,16.534989627080908,0.0,172.61912689241856
31.6,27.6,19.8,31.5,47,59,95,45,96.50625665601704,0.2890331397335155,0.0,173.41549320504268,205.99374334398294,0.6109668602664845,0.0,85.58450679495733
31.7,27.5,20.0,32.2,44,61,94,43,114.90419635787809,0.0,0.0,88.7567058755694,140.59580364212195,0.0,0.0,173.54329412443062
31.8,22.2,20.0,32.3,43,92,96,42,77.70027944938121,0.0,0.0,70.0331268089725,128.0997205506188,0.0,0.0,137.4668731910275
31.8,21.7,20.0,31.9,45,85,96,46,46.879575930271535,0.0,0.0,46.596556923433795,99.82042406972845,0.0,0.0,93.0034430765662
31.3,20.7,21.7,31.3,46,92,87,47,33.22793532118208,0.0,0.0,18.3252299832914,59.8720646788179,0.0,0.0,57.874770016708595
29.5,21.1,23.6,29.2,50,89,78,56,10.065010372919092,0.0,41.36326482025237,5.042848708945717,16.534989627080908,0.0,60.536735179747645,16.957151291054284
27.6,19.8,25.9,26.8,59,95,65,68,0.2890331397335155,0.0,58.828691219386066,0.843290627107215,0.6109668602664845,0.0,121.67130878061394,2.856709372892785
27.5,20.0,27.0,26.2,61,94,56,70,0.0,0.0,70.9657346352671,0.0,0.0,0.0,159.33426536473291,0.0
22.2,20.0,29.1,25.5,92,96,54,72,0.0,0.0,138.62606558636048,0.0,0.0,0.0,139.07393441363948,0.0
21.7,20.0,29.1,24.7,85,96,53,76,0.0,0.0,157.09494550440382,0.0,0.0,0.0,148.20505449559622,0.0
20.7,21.7,30.1,23.7,92,87,51,79,0.0,0.0,222.38447651836157,0.0,0.0,0.0,93.91552348163842,0.0
21.1,23.6,31.0,23.3,89,78,48,79,0.0,41.36326482025237,147.3808731075814,0.0,0.0,60.536735179747645,172.61912689241856,0.0
19.8,25.9,31.5,23.0,95,65,45,79,0.0,58.828691219386066,173.41549320504268,0.0,0.0,121.67130878061394,85.58450679495733,0.0
20.0,27.0,32.2,22.2,94,56,43,82,0.0,70.9657346352671,88.7567058755694,0.0,0.0,159.33426536473291,173.54329412443062,0.0
20.0,29.1,32.3,21.7,96,54,42,84,0.0,138.62606558636048,70.0331268089725,0.0,0.0,139.07393441363948,137.4668731910275,0.0
20.0,29.1,31.9,22.6,96,53,46,81,0.0,157.09494550440382,46.596556923433795,0.0,0.0,148.20505449559622,93.0034430765662,0.0
21.7,30.1,31.3,24.0,87,51,47,74,0.0,222.38447651836157,18.3252299832914,0.0,0.0,93.91552348163842,57.874770016708595,0.0
23.6,31.0,29.2,25.0,78,48,56,71,41.36326482025237,147.3808731075814,5.042848708945717,25.484576594748408,60.536735179747645,172.61912689241856,16.957151291054284,83.21542340525158
25.9,31.5,26.8,27.0,65,45,68,67,58.828691219386066,173.41549320504268,0.843290627107215,28.060302871000015,121.67130878061394,85.58450679495733,2.856709372892785,137.93969712899997
27.0,32.2,26.2,28.7,56,43,70,63,70.9657346352671,88.7567058755694,0.0,27.829657045920968,159.33426536473291,173.54329412443062,0.0,191.87034295407904
29.1,32.3,25.5,30.2,54,42,72,58,138.62606558636048,70.0331268089725,0.0,41.574528769841265,139.07393441363948,137.4668731910275,0.0,224.92547123015873
29.1,31.9,24.7,31.4,53,46,76,54,157.09494550440382,46.596556923433795,0.0,90.30642011219614,148.20505449559622,93.0034430765662,0.0,207.2935798878039
30.1,31.3,23.7,32.3,51,47,79,52,222.38447651836157,18.3252299832914,0.0,51.6489039271061,93.91552348163842,57.874770016708595,0.0,261.45109607289396
31.0,29.2,23.3,32.7,48,56,79,52,147.3808731075814,5.042848708945717,0.0,49.67940058176906,172.61912689241856,16.957151291054284,0.0,182.82059941823096
31.5,26.8,23.0,32.2,45,68,79,48,173.41549320504268,0.843290627107215,0.0,46.802705676037775,85.58450679495733,2.856709372892785,0.0,191.69729432396224
32.2,26.2,22.2,32.2,43,70,82,52,88.7567058755694,0.0,0.0,58.4237475991828,173.54329412443062,0.0,0.0,141.97625240081717
32.3,25.5,21.7,31.2,42,72,84,53,70.0331268089725,0.0,0.0,38.85814901468922,137.4668731910275,0.0,0.0,135.5418509853108
31.9,24.7,22.6,29.8,46,76,81,51,46.596556923433795,0.0,0.0,30.5894992768097,93.0034430765662,0.0,0.0,102.71050072319031
31.3,23.7,24.0,28.7,47,79,74,48,18.3252299832914,0.0,0.0,8.6242001262734,57.874770016708595,0.0,0.0,33.0757998737266
29.2,23.3,25.0,25.2,56,79,71,57,5.042848708945717,0.0,25.484576594748408,6.797972675187308,16.957151291054284,0.0,83.21542340525158,26.30202732481269
26.8,23.0,27.0,23.9,68,79,67,55,0.843290627107215,0.0,28.060302871000015,1.1507806297962424,2.856709372892785,0.0,137.93969712899997,3.6492193702037574
26.2,22.2,28.7,20.8,70,82,63,70,0.0,0.0,27.829657045920968,0.0,0.0,0.0,191.87034295407904,0.0
25.5,21.7,30.2,18.5,72,84,58,88,0.0,0.0,41.574528769841265,0.0,0.0,0.0,224.92547123015873,0.0
24.7,22.6,31.4,18.4,76,81,54,90,0.0,0.0,90.30642011219614,0.0,0.0,0.0,207.2935798878039,0.0
23.7,24.0,32.3,18.9,79,74,52,85,0.0,0.0,51.6489039271061,0.0,0.0,0.0,261.45109607289396,0.0
23.3,25.0,32.7,18.9,79,71,52,84,0.0,25.484576594748408,49.67940058176906,0.0,0.0,83.21542340525158,182.82059941823096,0.0
23.0,27.0,32.2,19.0,79,67,48,79,0.0,28.060302871000015,46.802705676037775,0.0,0.0,137.93969712899997,191.69729432396224,0.0
22.2,28.7,32.2,18.5,82,63,52,80,0.0,27.829657045920968,58.4237475991828,0.0,0.0,191.87034295407904,141.97625240081717,0.0
21.7,30.2,31.2,18.3,84,58,53,79,0.0,41.574528769841265,38.85814901468922,0.0,0.0,224.92547123015873,135.5418509853108,0.0
22.6,31.4,29.8,18.2,81,54,51,76,0.0,90.30642011219614,30.5894992768097,0.0,0.0,207.2935798878039,102.71050072319031,0.0
24.0,32.3,28.7,19.2,74,52,48,72,0.0,51.6489039271061,8.6242001262734,0.0,0.0,261.45109607289396,33.0757998737266,0.0
25.0,32.7,25.2,20.0,71,52,57,69,25.484576594748408,49.67940058176906,6.797972675187308,20.81989589041096,83.21542340525158,182.82059941823096,26.30202732481269,99.08010410958906
27.0,32.2,23.9,20.9,67,48,55,68,28.060302871000015,46.802705676037775,1.1507806297962424,22.770623565296688,137.93969712899997,191.69729432396224,3.6492193702037574,123.42937643470331
28.7,32.2,20.8,22.0,63,52,70,65,27.829657045920968,58.4237475991828,0.0,38.00689135462412,191.87034295407904,141.97625240081717,0.0,202.7931086453759
30.2,31.2,18.5,23.1,58,53,88,61,41.574528769841265,38.85814901468922,0.0,45.827946207826585,224.92547123015873,135.5418509853108,0.0,212.8720537921734
31.4,29.8,18.4,23.5,54,51,90,62,90.30642011219614,30.5894992768097,0.0,21.754179841583742,207.2935798878039,102.71050072319031,0.0,139.24582015841625
32.3,28.7,18.9,25.3,52,48,85,57,51.6489039271061,8.6242001262734,0.0,92.38355645453589,261.45109607289396,33.0757998737266,0.0,247.21644354546413
32.7,25.2,18.9,25.9,52,57,84,55,49.67940058176906,6.797972675187308,0.0,69.37262059399836,182.82059941823096,26.30202732481269,0.0,251.0273794060016
32.2,23.9,19.0,26.4,48,55,79,54,46.802705676037775,1.1507806297962424,0.0,89.82134059630265,191.69729432396224,3.6492193702037574,0.0,142.2786594036974
32.2,20.8,18.5,26.4,52,70,80,56,58.4237475991828,0.0,0.0,43.59970799874856,141.97625240081717,0.0,0.0,140.00029200125144
31.2,18.5,18.3,25.6,53,88,79,58,38.85814901468922,0.0,0.0,47.312196588261806,135.5418509853108,0.0,0.0,154.88780341173816
29.8,18.4,18.2,24.4,51,90,76,61,30.5894992768097,0.0,0.0,22.904543790424277,102.71050072319031,0.0,0.0,84.49545620957572
28.7,18.9,19.2,23.9,48,85,72,63,8.6242001262734,0.0,0.0,14.168932931501251,33.0757998737266,0.0,0.0,55.63106706849875
25.2,18.9,20.0,23.4,57,84,69,64,6.797972675187308,0.0,20.81989589041096,5.530175639787543,26.30202732481269,0.0,99.08010410958906,19.769824360212457
23.9,19.0,20.9,22.4,55,79,68,66,1.1507806297962424,0.0,22.770623565296688,1.2846023688663282,3.6492193702037574,0.0,123.42937643470331,3.9153976311336716
20.8,18.5,22.0,21.4,70,80,65,68,0.0,0.0,38.00689135462412,0.0,0.0,0.0,202.7931086453759,0.0
18.5,18.3,23.1,20.6,88,79,61,72,0.0,0.0,45.827946207826585,0.0,0.0,0.0,212.8720537921734,0.0
18.4,18.2,23.5,19.7,90,76,62,76,0.0,0.0,21.754179841583742,0.0,0.0,0.0,139.24582015841625,0.0
18.9,19.2,25.3,19.3,85,72,57,87,0.0,0.0,92.38355645453589,0.0,0.0,0.0,247.21644354546413,0.0
18.9,20.0,25.9,18.7,84,69,55,86,0.0,20.81989589041096,69.37262059399836,0.0,0.0,99.08010410958906,251.0273794060016,0.0
19.0,20.9,26.4,17.8,79,68,54,94,0.0,22.770623565296688,89.82134059630265,0.0,0.0,123.42937643470331,142.2786594036974,0.0
18.5,22.0,26.4,18.5,80,65,56,92,0.0,38.00689135462412,43.59970799874856,0.0,0.0,202.7931086453759,140.00029200125144,0.0
18.3,23.1,25.6,18.6,79,61,58,92,0.0,45.827946207826585,47.312196588261806,0.0,0.0,212.8720537921734,154.88780341173816,0.0
18.2,23.5,24.4,18.7,76,62,61,92,0.0,21.754179841583742,22.904543790424277,0.0,0.0,139.24582015841625,84.49545620957572,0.0
19.2,25.3,23.9,18.9,72,57,63,91,0.0,92.38355645453589,14.168932931501251,0.0,0.0,247.21644354546413,55.63106706849875,0.0
20.0,25.9,23.4,19.5,69,55,64,86,20.81989589041096,69.37262059399836,5.530175639787543,5.291361498870663,99.08010410958906,251.0273794060016,19.769824360212457,14.408638501129337
20.9,26.4,22.4,19.6,68,54,66,89,22.770623565296688,89.82134059630265,1.2846023688663282,12.243315956399693,123.42937643470331,142.2786594036974,3.9153976311336716,38.956684043600305
22.0,26.4,21.4,20.4,65,56,68,85,38.00689135462412,43.59970799874856,0.0,16.82522930438945,202.7931086453759,140.00029200125144,0.0,72.97477069561054
23.1,25.6,20.6,21.9,61,58,72,79,45.827946207826585,47.312196588261806,0.0,25.696131061474976,212.8720537921734,154.88780341173816,0.0,98.80386893852501
23.5,24.4,19.7,22.6,62,61,76,62,21.754179841583742,22.904543790424277,0.0,84.79903321884082,139.24582015841625,84.49545620957572,0.0,122.10096678115919
25.3,23.9,19.3,23.7,57,63,87,60,92.38355645453589,14.168932931501251,0.0,43.07225493316359,247.21644354546413,55.63106706849875,0.0,166.82774506683643
25.9,23.4,18.7,24.4,55,64,86,57,69.37262059399836,5.530175639787543,0.0,44.17832206383674,251.0273794060016,19.769824360212457,0.0,123.22167793616327
26.4,22.4,17.8,25.4,54,66,94,46,89.82134059630265,1.2846023688663282,0.0,71.27244203483679,142.2786594036974,3.9153976311336716,0.0,142.72755796516321
26.4,21.4,18.5,26.4,56,68,92,45,43.59970799874856,0.0,0.0,63.12184111921601,140.00029200125144,0.0,0.0,224.27815888078396
25.6,20.6,18.6,26.7,58,72,92,43,47.312196588261806,0.0,0.0,39.12850773608599,154.88780341173816,0.0,0.0,160.471492263914
24.4,19.7,18.7,27.0,61,76,92,42,22.904543790424277,0.0,0.0,36.823179326546594,84.49545620957572,0.0,0.0,125.5768206734534
23.9,19.3,18.9,26.7,63,87,91,44,14.168932931501251,0.0,0.0,21.886810115730817,55.63106706849875,0.0,0.0,75.81318988426918
23.4,18.7,19.5,24.7,64,86,86,56,5.530175639787543,0.0,5.291361498870663,8.088233545395088,19.769824360212457,0.0,14.408638501129337,27.411766454604912
22.4,17.8,19.6,21.9,66,94,89,67,1.2846023688663282,0.0,12.243315956399693,1.5732133403917417,3.9153976311336716,0.0,38.956684043600305,3.6267866596082583
21.4,18.5,20.4,21.7,68,92,85,62,0.0,0.0,16.82522930438945,0.0,0.0,0.0,72.97477069561054,0.0
20.6,18.6,21.9,19.7,72,92,79,70,0.0,0.0,25.696131061474976,0.0,0.0,0.0,98.80386893852501,0.0
19.7,18.7,22.6,18.0,76,92,62,79,0.0,0.0,84.79903321884082,0.0,0.0,0.0,122.10096678115919,0.0
19.3,18.9,23.7,17.6,87,91,60,83,0.0,0.0,43.07225493316359,0.0,0.0,0.0,166.82774506683643,0.0
18.7,19.5,24.4,16.5,86,86,57,90,0.0,5.291361498870663,44.17832206383674,0.0,0.0,14.408638501129337,123.22167793616327,0.0
17.8,19.6,25.4,17.0,94,89,46,89,0.0,12.243315956399693,71.27244203483679,0.0,0.0,38.956684043600305,142.72755796516321,0.0
18.5,20.4,26.4,17.4,92,85,45,85,0.0,16.82522930438945,63.12184111921601,0.0,0.0,72.97477069561054,224.27815888078396,0.0
18.6,21.9,26.7,17.4,92,79,43,82,0.0,25.696131061474976,39.12850773608599,0.0,0.0,98.80386893852501,160.471492263914,0.0
18.7,22.6,27.0,18.2,92,62,42,78,0.0,84.79903321884082,36.823179326546594,0.0,0.0,122.10096678115919,125.5768206734534,0.0
18.9,23.7,26.7,20.0,91,60,44,73,0.0,43.07225493316359,21.886810115730817,0.0,0.0,166.82774506683643,75.81318988426918,0.0
19.5,24.4,24.7,22.5,86,57,56,60,5.291361498870663,44.17832206383674,8.088233545395088,32.443111580429424,14.408638501129337,123.22167793616327,27.411766454604912,93.95688841957057
19.6,25.4,21.9,24.1,89,46,67,55,12.243315956399693,71.27244203483679,1.5732133403917417,34.747764825712984,38.956684043600305,142.72755796516321,3.6267866596082583,152.752235174287
20.4,26.4,21.7,24.8,85,45,62,51,16.82522930438945,63.12184111921601,0.0,55.628778089444985,72.97477069561054,224.27815888078396,0.0,188.87122191055502
21.9,26.7,19.7,25.6,79,43,70,50,25.696131061474976,39.12850773608599,0.0,72.02672509664778,98.80386893852501,160.471492263914,0.0,218.5732749033522
22.6,27.0,18.0,25.8,62,42,79,46,84.79903321884082,36.823179326546594,0.0,89.74502446982056,122.10096678115919,125.5768206734534,0.0,223.05497553017946
23.7,26.7,17.6,26.1,60,44,83,44,43.07225493316359,21.886810115730817,0.0,72.01530510293445,166.82774506683643,75.81318988426918,0.0,127.18469489706553
24.4,24.7,16.5,27.6,57,56,90,41,44.17832206383674,8.088233545395088,0.0,105.68732051945551,123.22167793616327,27.411766454604912,0.0,234.51267948054448
25.4,21.9,17.0,27.7,46,67,89,42,71.27244203483679,1.5732133403917417,0.0,45.27576649996252,142.72755796516321,3.6267866596082583,0.0,178.5242335000375
26.4,21.7,17.4,27.0,45,62,85,44,63.12184111921601,0.0,0.0,57.9580110911271,224.27815888078396,0.0,0.0,129.8419889088729
26.7,19.7,17.4,26.6,43,70,82,47,39.12850773608599,0.0,0.0,21.25299910687705,160.471492263914,0.0,0.0,81.44700089312296
27.0,18.0,18.2,26.8,42,79,78,46,36.823179326546594,0.0,0.0,11.838197990657195,125.5768206734534,0.0,0.0,50.76180200934281
26.7,17.6,20.0,26.6,44,83,73,46,21.886810115730817,0.0,0.0,5.4999651463063,75.81318988426918,0.0,0.0,24.2000348536937
24.7,16.5,22.5,26.2,56,90,60,48,8.088233545395088,0.0,32.443111580429424,8.154121402461001,27.411766454604912,0.0,93.95688841957057,36.845878597539
21.9,17.0,24.1,22.4,67,89,55,66,1.5732133403917417,0.0,34.747764825712984,1.3744003799572548,3.6267866596082583,0.0,152.752235174287,3.9255996200427448
21.7,17.4,24.8,21.4,62,85,51,68,0.0,0.0,55.628778089444985,0.0,0.0,0.0,188.87122191055502,0.0
19.7,17.4,25.6,19.8,70,82,50,74,0.0,0.0,72.02672509664778,0.0,0.0,0.0,218.5732749033522,0.0
18.0,18.2,25.8,18.5,79,78,46,78,0.0,0.0,89.74502446982056,0.0,0.0,0.0,223.05497553017946,0.0
17.6,20.0,26.1,17.8,83,73,44,87,0.0,0.0,72.01530510293445,0.0,0.0,0.0,127.18469489706553,0.0
16.5,22.5,27.6,16.8,90,60,41,92,0.0,32.443111580429424,105.68732051945551,0.0,0.0,93.95688841957057,234.51267948054448,0.0
17.0,24.1,27.7,16.5,89,55,42,88,0.0,34.747764825712984,45.27576649996252,0.0,0.0,152.752235174287,178.5242335000375,0.0
17.4,24.8,27.0,16.2,85,51,44,91,0.0,55.628778089444985,57.9580110911271,0.0,0.0,188.87122191055502,129.8419889088729,0.0
17.4,25.6,26.6,15.8,82,50,47,93,0.0,72.02672509664778,21.25299910687705,0.0,0.0,218.5732749033522,81.44700089312296,0.0
18.2,25.8,26.8,16.7,78,46,46,89,0.0,89.74502446982056,11.838197990657195,0.0,0.0,223.05497553017946,50.76180200934281,0.0
20.0,26.1,26.6,17.9,73,44,46,82,0.0,72.01530510293445,5.4999651463063,0.0,0.0,127.18469489706553,24.2000348536937,0.0
22.5,27.6,26.2,19.8,60,41,48,78,32.443111580429424,105.68732051945551,8.154121402461001,12.423121115087586,93.95688841957057,234.51267948054448,36.845878597539,33.87687888491241
24.1,27.7,22.4,23.4,55,42,66,62,34.747764825712984,45.27576649996252,1.3744003799572548,48.8194251389992,152.752235174287,178.5242335000375,3.9255996200427448,124.1805748610008
24.8,27.0,21.4,22.3,51,44,68,69,55.628778089444985,57.9580110911271,0.0,40.59801322944375,188.87122191055502,129.8419889088729,0.0,31.70198677055625
25.6,26.6,19.8,22.6,50,47,74,68,72.02672509664778,21.25299910687705,0.0,57.337144964957574,218.5732749033522,81.44700089312296,0.0,57.06285503504241
25.8,26.8,18.5,23.6,46,46,78,68,89.74502446982056,11.838197990657195,0.0,48.416158446074895,223.05497553017946,50.76180200934281,0.0,62.48384155392511
26.1,26.6,17.8,23.9,44,46,87,60,72.01530510293445,5.4999651463063,0.0,78.16616608733433,127.18469489706553,24.2000348536937,0.0,94.53383391266564
27.6,26.2,16.8,22.8,41,48,92,60,105.68732051945551,8.154121402461001,0.0,24.250866692576757,234.51267948054448,36.845878597539,0.0,19.54913330742324
27.7,22.4,16.5,22.0,42,66,88,66,45.27576649996252,1.3744003799572548,0.0,30.590269308105615,178.5242335000375,3.9255996200427448,0.0,20.709730691894382
27.0,21.4,16.2,21.6,44,68,91,68,57.9580110911271,0.0,0.0,23.526746274965657,129.8419889088729,0.0,0.0,10.073253725034345
26.6,19.8,15.8,21.4,47,74,93,57,21.25299910687705,0.0,0.0,21.121792655093714,81.44700089312296,0.0,0.0,8.878207344906286
26.8,18.5,16.7,20.9,46,78,89,61,11.838197990657195,0.0,0.0,21.316418089968728,50.76180200934281,0.0,0.0,8.983581910031273
26.6,17.8,17.9,20.6,46,87,82,63,5.4999651463063,0.0,0.0,16.196104860357533,24.2000348536937,0.0,0.0,7.40389513964247
26.2,16.8,19.8,20.7,48,92,78,51,8.154121402461001,0.0,12.423121115087586,11.048048780487804,36.845878597539,0.0,33.87687888491241,7.851951219512196
22.4,16.5,23.4,19.7,66,88,62,56,1.3744003799572548,0.0,48.8194251389992,0.622093023255814,3.9255996200427448,0.0,124.1805748610008,1.377906976744186
21.4,16.2,22.3,19.3,68,91,69,56,0.0,0.0,40.59801322944375,0.0,0.0,0.0,31.70198677055625,0.0
19.8,15.8,22.6,18.2,74,93,68,62,0.0,0.0,57.337144964957574,0.0,0.0,0.0,57.06285503504241,0.0
18.5,16.7,23.6,17.8,78,89,68,68,0.0,0.0,48.416158446074895,0.0,0.0,0.0,62.48384155392511,0.0
17.8,17.9,23.9,17.6,87,82,60,67,0.0,0.0,78.16616608733433,0.0,0.0,0.0,94.53383391266564,0.0
16.8,19.8,22.8,16.7,92,78,60,70,0.0,12.423121115087586,24.250866692576757,0.0,0.0,33.87687888491241,19.54913330742324,0.0
16.5,23.4,22.0,16.3,88,62,66,73,0.0,48.8194251389992,30.590269308105615,0.0,0.0,124.1805748610008,20.709730691894382,0.0
16.2,22.3,21.6,16.8,91,69,68,67,0.0,40.59801322944375,23.526746274965657,0.0,0.0,31.70198677055625,10.073253725034345,0.0
15.8,22.6,21.4,16.5,93,68,57,66,0.0,57.337144964957574,21.121792655093714,0.0,0.0,57.06285503504241,8.878207344906286,0.0
16.7,23.6,20.9,16.8,89,68,61,65,0.0,48.416158446074895,21.316418089968728,0.0,0.0,62.48384155392511,8.983581910031273,0.0
17.9,23.9,20.6,17.4,82,60,63,63,0.0,78.16616608733433,16.196104860357533,0.0,0.0,94.53383391266564,7.40389513964247,0.0
19.8,22.8,20.7,18.1,78,60,51,56,12.423121115087586,24.250866692576757,11.048048780487804,23.07455429497569,33.87687888491241,19.54913330742324,7.851951219512196,41.32544570502432
23.4,22.0,19.7,18.4,62,66,56,52,48.8194251389992,30.590269308105615,0.622093023255814,61.23285481722658,124.1805748610008,20.709730691894382,1.377906976744186,37.46714518277342
22.3,21.6,19.3,18.1,69,68,56,54,40.59801322944375,23.526746274965657,0.0,76.80370194589464,31.70198677055625,10.073253725034345,0.0,32.09629805410537
22.6,21.4,18.2,19.3,68,57,62,54,57.337144964957574,21.121792655093714,0.0,125.02273027246159,57.06285503504241,8.878207344906286,0.0,54.07726972753842
23.6,20.9,17.8,20.7,68,61,68,51,48.416158446074895,21.316418089968728,0.0,160.57706987032137,62.48384155392511,8.983581910031273,0.0,71.22293012967862
23.9,20.6,17.6,21.4,60,63,67,45,78.16616608733433,16.196104860357533,0.0,191.03101835192518,94.53383391266564,7.40389513964247,0.0,82.56898164807485
22.8,20.7,16.7,21.6,60,51,70,43,24.250866692576757,11.048048780487804,0.0,129.8334329280857,19.54913330742324,7.851951219512196,0.0,64.86656707191429
22.0,19.7,16.3,22.8,66,56,73,39,30.590269308105615,0.622093023255814,0.0,142.7467324290999,20.709730691894382,1.377906976744186,0.0,92.55326757090012
21.6,19.3,16.8,23.0,68,56,67,39,23.526746274965657,0.0,0.0,125.71415277239241,10.073253725034345,0.0,0.0,63.0858472276076
21.4,18.2,16.5,20.3,57,62,66,45,21.121792655093714,0.0,0.0,70.43884014339757,8.878207344906286,0.0,0.0,45.261159856602426
20.9,17.8,16.8,21.6,61,68,65,39,21.316418089968728,0.0,0.0,93.83850377931391,8.983581910031273,0.0,0.0,52.261496220686084
20.6,17.6,17.4,21.4,63,67,63,41,16.196104860357533,0.0,0.0,57.693172205438074,7.40389513964247,0.0,0.0,35.80682779456194
20.7,16.7,18.1,20.1,51,70,56,49,11.048048780487804,0.0,23.07455429497569,18.236968694324258,7.851951219512196,0.0,41.32544570502432,20.463031305675745
19.7,16.3,18.4,18.8,56,73,52,54,0.622093023255814,0.0,61.23285481722658,1.081941575686043,1.377906976744186,0.0,37.46714518277342,2.618058424313957
19.3,16.8,18.1,17.5,56,67,54,61,0.0,0.0,76.80370194589464,0.0,0.0,0.0,32.09629805410537,0.0
18.2,16.5,19.3,16.4,62,66,54,66,0.0,0.0,125.02273027246159,0.0,0.0,0.0,54.07726972753842,0.0
17.8,16.8,20.7,15.0,68,65,51,74,0.0,0.0,160.57706987032137,0.0,0.0,0.0,71.22293012967862,0.0
17.6,17.4,21.4,14.2,67,63,45,79,0.0,0.0,191.03101835192518,0.0,0.0,0.0,82.56898164807485,0.0
16.7,18.1,21.6,14.1,70,56,43,77,0.0,23.07455429497569,129.8334329280857,0.0,0.0,41.32544570502432,64.86656707191429,0.0
16.3,18.4,22.8,14.2,73,52,39,79,0.0,61.23285481722658,142.7467324290999,0.0,0.0,37.46714518277342,92.55326757090012,0.0
16.8,18.1,23.0,14.7,67,54,39,76,0.0,76.80370194589464,125.71415277239241,0.0,0.0,32.09629805410537,63.0858472276076,0.0
16.5,19.3,20.3,14.9,66,54,45,73,0.0,125.02273027246159,70.43884014339757,0.0,0.0,54.07726972753842,45.261159856602426,0.0
16.8,20.7,21.6,15.4,65,51,39,75,0.0,160.57706987032137,93.83850377931391,0.0,0.0,71.22293012967862,52.261496220686084,0.0
17.4,21.4,21.4,17.9,63,45,41,63,0.0,191.03101835192518,57.693172205438074,0.0,0.0,82.56898164807485,35.80682779456194,0.0
18.1,21.6,20.1,19.2,56,43,49,56,23.07455429497569,129.8334329280857,18.236968694324258,31.2326946165298,41.32544570502432,64.86656707191429,20.463031305675745,99.9673053834702
18.4,22.8,18.8,20.9,52,39,54,55,61.23285481722658,142.7467324290999,1.081941575686043,41.88427128753135,37.46714518277342,92.55326757090012,2.618058424313957,151.61572871246864
18.1,23.0,17.5,22.0,54,39,61,53,76.80370194589464,125.71415277239241,0.0,47.37470353006068,32.09629805410537,63.0858472276076,0.0,199.52529646993935
19.3,20.3,16.4,22.9,54,45,66,51,125.02273027246159,70.43884014339757,0.0,66.10120584555594,54.07726972753842,45.261159856602426,0.0,228.3987941544441
20.7,21.6,15.0,22.9,51,39,74,51,160.57706987032137,93.83850377931391,0.0,61.51790362115583,71.22293012967862,52.261496220686084,0.0,165.68209637884414
21.4,21.4,14.2,23.7,45,41,79,49,191.03101835192518,57.693172205438074,0.0,95.71652516104687,82.56898164807485,35.80682779456194,0.0,146.88347483895313
21.6,20.1,14.1,24.8,43,49,77,45,129.8334329280857,18.236968694324258,0.0,110.62226770713403,64.86656707191429,20.463031305675745,0.0,142.577732292866
22.8,18.8,14.2,24.6,39,54,79,43,142.7467324290999,1.081941575686043,0.0,128.8891224305161,92.55326757090012,2.618058424313957,0.0,79.81087756948389
23.0,17.5,14.7,25.8,39,61,76,39,125.71415277239241,0.0,0.0,118.72345140876506,63.0858472276076,0.0,0.0,48.876548591234936
20.3,16.4,14.9,25.2,45,66,73,41,70.43884014339757,0.0,0.0,103.52746833886636,45.261159856602426,0.0,0.0,42.37253166113366
21.6,15.0,15.4,25.5,39,74,75,40,93.83850377931391,0.0,0.0,66.99606053326929,52.261496220686084,0.0,0.0,28.903939466730723
21.4,14.2,17.9,25.9,41,79,63,43,57.693172205438074,0.0,0.0,50.76583725622058,35.80682779456194,0.0,0.0,23.53416274377942
20.1,14.1,19.2,25.4,49,77,56,41,18.236968694324258,0.0,31.2326946165298,32.88530612244898,20.463031305675745,0.0,99.9673053834702,22.91469387755102
18.8,14.2,20.9,23.0,54,79,55,50,1.081941575686043,0.0,41.88427128753135,2.159525925925926,2.618058424313957,0.0,151.61572871246864,5.440474074074074
17.5,14.7,22.0,19.4,61,76,53,66,0.0,0.0,47.37470353006068,0.0,0.0,0.0,199.52529646993935,0.0
16.4,14.9,22.9,18.2,66,73,51,72,0.0,0.0,66.10120584555594,0.0,0.0,0.0,228.3987941544441,0.0
15.0,15.4,22.9,17.0,74,75,51,77,0.0,0.0,61.51790362115583,0.0,0.0,0.0,165.68209637884414,0.0
14.2,17.9,23.7,15.7,79,63,49,84,0.0,0.0,95.71652516104687,0.0,0.0,0.0,146.88347483895313,0.0
14.1,19.2,24.8,15.3,77,56,45,87,0.0,31.2326946165298,110.62226770713403,0.0,0.0,99.9673053834702,142.577732292866,0.0
14.2,20.9,24.6,14.1,79,55,43,91,0.0,41.88427128753135,128.8891224305161,0.0,0.0,151.61572871246864,79.81087756948389,0.0
14.7,22.0,25.8,13.8,76,53,39,92,0.0,47.37470353006068,118.72345140876506,0.0,0.0,199.52529646993935,48.876548591234936,0.0
14.9,22.9,25.2,13.1,73,51,41,94,0.0,66.10120584555594,103.52746833886636,0.0,0.0,228.3987941544441,42.37253166113366,0.0
15.4,22.9,25.5,15.3,75,51,40,87,0.0,61.51790362115583,66.99606053326929,0.0,0.0,165.68209637884414,28.903939466730723,0.0
17.9,23.7,25.9,17.5,63,49,43,84,0.0,95.71652516104687,50.76583725622058,0.0,0.0,146.88347483895313,23.53416274377942,0.0
19.2,24.8,25.4,20.3,56,45,41,70,31.2326946165298,110.62226770713403,32.88530612244898,35.72617926705437,99.9673053834702,142.577732292866,22.91469387755102,92.87382073294562
20.9,24.6,23.0,23.0,55,43,50,58,41.88427128753135,128.8891224305161,2.159525925925926,45.57840990667625,151.61572871246864,79.81087756948389,5.440474074074074,142.72159009332378
22.0,25.8,19.4,24.9,53,39,66,48,47.37470353006068,118.72345140876506,0.0,53.729026901361664,199.52529646993935,48.876548591234936,0.0,187.37097309863833
22.9,25.2,18.2,25.9,51,41,72,41,66.10120584555594,103.52746833886636,0.0,61.93050450706775,228.3987941544441,42.37253166113366,0.0,227.16949549293227
22.9,25.5,17.0,26.4,51,40,77,39,61.51790362115583,66.99606053326929,0.0,104.448068766612,165.68209637884414,28.903939466730723,0.0,219.35193123338797
23.7,25.9,15.7,27.5,49,43,84,38,95.71652516104687,50.76583725622058,0.0,73.93693636224026,146.88347483895313,23.53416274377942,0.0,254.16306363775976
24.8,25.4,15.3,27.5,45,41,87,37,110.62226770713403,32.88530612244898,0.0,79.29933151053132,142.577732292866,22.91469387755102,0.0,228.20066848946868
24.6,23.0,14.1,28.1,43,50,91,37,128.8891224305161,2.159525925925926,0.0,69.54102419131712,79.81087756948389,5.440474074074074,0.0,208.35897580868289
25.8,19.4,13.8,28.5,39,66,92,37,118.72345140876506,0.0,0.0,93.05054579070004,48.876548591234936,0.0,0.0,179.24945420929996
25.2,18.2,13.1,28.6,41,72,94,35,103.52746833886636,0.0,0.0,47.6709640042273,42.37253166113366,0.0,0.0,168.82903599577267
25.5,17.0,15.3,28.0,40,77,87,36,66.99606053326929,0.0,0.0,31.528713145643984,28.903939466730723,0.0,0.0,122.77128685435603
25.9,15.7,17.5,27.4,43,84,84,35,50.76583725622058,0.0,0.0,18.255114320096272,23.53416274377942,0.0,0.0,71.74488567990375
25.4,15.3,20.3,25.7,41,87,70,43,32.88530612244898,0.0,35.72617926705437,7.338301336200276,22.91469387755102,0.0,92.87382073294562,26.461698663799723
23.0,14.1,23.0,22.4,50,91,58,54,2.159525925925926,0.0,45.57840990667625,0.6022573363431151,5.440474074074074,0.0,142.72159009332378,1.6977426636568849
19.4,13.8,24.9,21.3,66,92,48,58,0.0,0.0,53.729026901361664,0.0,0.0,0.0,187.37097309863833,0.0
18.2,13.1,25.9,20.2,72,94,41,66,0.0,0.0,61.93050450706775,0.0,0.0,0.0,227.16949549293227,0.0
17.0,15.3,26.4,19.3,77,87,39,72,0.0,0.0,104.448068766612,0.0,0.0,0.0,219.35193123338797,0.0
15.7,17.5,27.5,17.9,84,84,38,76,0.0,0.0,73.93693636224026,0.0,0.0,0.0,254.16306363775976,0.0
15.3,20.3,27.5,17.5,87,70,37,78,0.0,35.72617926705437,79.29933151053132,0.0,0.0,92.87382073294562,228.20066848946868,0.0
14.1,23.0,28.1,16.7,91,58,37,80,0.0,45.57840990667625,69.54102419131712,0.0,0.0,142.72159009332378,208.35897580868289,0.0
13.8,24.9,28.5,16.4,92,48,37,82,0.0,53.729026901361664,93.05054579070004,0.0,0.0,187.37097309863833,179.24945420929996,0.0
13.1,25.9,28.6,15.9,94,41,35,84,0.0,61.93050450706775,47.6709640042273,0.0,0.0,227.16949549293227,168.82903599577267,0.0
15.3,26.4,28.0,17.9,87,39,36,76,0.0,104.448068766612,31.528713145643984,0.0,0.0,219.35193123338797,122.77128685435603,0.0
17.5,27.5,27.4,20.4,84,38,35,66,0.0,73.93693636224026,18.255114320096272,0.0,0.0,254.16306363775976,71.74488567990375,0.0
20.3,27.5,25.7,22.5,70,37,43,58,35.72617926705437,79.29933151053132,7.338301336200276,0.0,92.87382073294562,228.20066848946868,26.461698663799723,0.0
23.0,28.1,22.4,24.2,58,37,54,54,45.57840990667625,69.54102419131712,0.6022573363431151,0.0,142.72159009332378,208.35897580868289,1.6977426636568849,0.0
24.9,28.5,21.3,25.6,48,37,58,51,53.729026901361664,93.05054579070004,0.0,0.0,187.37097309863833,179.24945420929996,0.0,0.0
25.9,28.6,20.2,27.4,41,35,66,45,61.93050450706775,47.6709640042273,0.0,0.0,227.16949549293227,168.82903599577267,0.0,0.0
26.4,28.0,19.3,28.2,39,36,72,41,104.448068766612,31.528713145643984,0.0,0.0,219.35193123338797,122.77128685435603,0.0,0.0
27.5,27.4,17.9,28.5,38,35,76,43,73.93693636224026,18.255114320096272,0.0,0.0,254.16306363775976,71.74488567990375,0.0,0.0
27.5,25.7,17.5,28.9,37,43,78,40,79.29933151053132,7.338301336200276,0.0,0.0,228.20066848946868,26.461698663799723,0.0,0.0
28.1,22.4,16.7,28.8,37,54,80,39,69.54102419131712,0.6022573363431151,0.0,0.0,208.35897580868289,1.6977426636568849,0.0,0.0
28.5,21.3,16.4,28.6,37,58,82,40,93.05054579070004,0.0,0.0,0.0,179.24945420929996,0.0,0.0,0.0
28.6,20.2,15.9,28.1,35,66,84,41,47.6709640042273,0.0,0.0,0.0,168.82903599577267,0.0,0.0,0.0
28.0,19.3,17.9,26.7,36,72,76,45,31.528713145643984,0.0,0.0,0.0,122.77128685435603,0.0,0.0,0.0
27.4,17.9,20.4,26.1,35,76,66,48,18.255114320096272,0.0,0.0,0.0,71.74488567990375,0.0,0.0,0.0
25.7,17.5,22.5,25.2,43,78,58,53,7.338301336200276,0.0,0.0,0.0,26.461698663799723,0.0,0.0,0.0
22.4,16.7,24.2,23.9,54,80,54,60,0.6022573363431151,0.0,0.0,0.0,1.6977426636568849,0.0,0.0,0.0
21.3,16.4,25.6,23.6,58,82,51,64,0.0,0.0,0.0,0.0,0.0,0.0,0.0,0.0
20.2,15.9,27.4,23.0,66,84,45,67,0.0,0.0,0.0,0.0,0.0,0.0,0.0,0.0
19.3,17.9,28.2,22.3,72,76,41,68,0.0,0.0,0.0,0.0,0.0,0.0,0.0,0.0
17.9,20.4,28.5,20.4,76,66,43,77,0.0,0.0,0.0,0.0,0.0,0.0,0.0,0.0
17.5,22.5,28.9,21.9,78,58,40,73,0.0,0.0,0.0,0.0,0.0,0.0,0.0,0.0
